微分積分学第一・演習H（48～53）,教科書,「解析入門I」・杉浦光夫・東京大学出版会
微分積分学第一・演習A(1～7),教科書,"解析入門 I，杉浦光夫,  基礎数学2, 東京大学出版会，1982."
修士キャリアデザインA2,教科書,市販教科書は使わず、担当教員が用意した内容を毎回講義資料としてOCW-iにアップする。
微分積分学第一・演習I（54～60）,教科書,「理工系の微分積分学」吹田信之・神保経彦　学術図書出版社
言語学Ｃ,教科書,特に購入の必要はないが、以下を読むことを推薦する。
言語学Ｃ,教科書,"William O'Gradyら, Contemporary Linguistics, An Introduction. Chapter 11~14,Bedford/St.Martin's."
言語学Ｃ,教科書,"(言語学A,B,Cを通して受講する学生には強く推奨する)							"
言語学Ｃ,教科書,"Eric R. Kandelら, Principles of Neural Science, Mc Graw Hill, Part IX."
言語学Ｃ,教科書,(生命理工学院の300番台授業、「基礎神経科学」及び400番台授業、「神経科学」でそれに沿った授業をするので、それらを受講する学生には強く推奨する)
言語学Ｃ,教科書,"Scott A. Huettel et al., Functional Magnetic Resonance Imaging, Second Edition, Sinauer Associates, Inc."
言語学Ｃ,教科書,(系でMRIを専門にしたい学生には強く推奨する)
テクニカルディスカッションA,教科書,無し
文系エッセンス２６：国際関係論,教科書,佐藤史郎、川名晋史（他編）『日本外交の論点』（法律文化社、2018年）
文系エッセンス２６：国際関係論,教科書,ISBN: 978-4-589-03903-3
社会科学系ゼミ（法学ゼミ）１,教科書,荘司 雅彦「13歳からの法学部入門」 (幻冬舎新書)を利用する。 (各自購入すること）
力学基礎１B,教科書,力学　戸田盛和
科学・技術の最前線a,教科書,特に定めない。
社会科学系ゼミ（法学ゼミ）導入１,教科書,社会科学系ゼミ（法学）履修者の参加者とともに，学期毎に相談して決定する。
社会科学系ゼミ（法学ゼミ）導入１,教科書,2020年は、荘司 雅彦 「13歳からの法学部入門」 (幻冬舎新書)を利用する。各自購入すること。
教養特論：現代社会論,教科書,必要に応じて指示する。
科学・技術の最前線d,教科書,特に定めない。
東工大立志プロジェクト28,教科書,東工大立志プロジェクトガイドブック
テクノロジーマネジメント概論A,教科書,市販教科書は使わず、担当教員が用意した内容を毎回講義資料としてプリントして配布すると同時にOCW-iにアップする。
修士キャリアプランA2,教科書,なし。
キャリア、パーソナリティ、ライフスタイルのバランス戦略B,教科書,無し
キャリア、パーソナリテイ、ライフスタイルのバランス戦略の基礎B,教科書,無し
科学・技術の最前線b,教科書,特に定めない。
博士キャリアプランA,教科書,なし。
ALP研修基礎A,教科書,無し。
知的財産概論,教科書,講師配布資料、特許庁テキスト「平成27年度知的財産権 制度説明会（初心者向け）テキスト『知的財産権制度入門』」（特許庁HPよりPDF資料を無料入手可）
文系エッセンス３７：科学史,教科書,特になし。
物理学演習第一b,教科書,授業で指定のもの
TOEIC対策セミナー第一,教科書,『レベル別 TOEIC® L&amp;Rテスト実力養成コース：中級編』（金星堂）ISBN978-4-7647-4090-7
テクニカルディスカッションB,教科書,無し
文系エッセンス３４：表象文化論,教科書,指定しない。
文系エッセンス４８：数理科学史,教科書,"David Orrell (2007), Apollo’s Arrow: The Science of Prediction and the Future of Everything, Harper Perennial."
日本人も気づいていない日本の文化とビジネスA,教科書,無し
物理学演習第一l,教科書,授業で指定のもの
意思決定論Ｂ,教科書,猪原健弘、「合理性と柔軟性－競争と社会の非合理戦略I」、勁草書房、2002年（1.1節、2章、3章、4章、5章）（ISBN-10: 4326502223、ISBN-13: 978-4326502226）
政治学Ｃ,教科書,特にない。毎回レジュメを配布する。
宇宙地球科学ＡA,教科書,宇宙地球科学，佐藤文衛・綱川秀夫著，講談社
宇宙地球科学ＡB,教科書,宇宙地球科学，佐藤文衛・綱川秀夫著，講談社
修士キャリアデザイン演習A1,教科書,指定なし
東工大立志プロジェクト8,教科書,東工大立志プロジェクトガイドブック
博士キャリアデザインA,教科書,市販教科書は使わず、担当教員が用意した内容を毎回講義資料としてプリントして配布すると同時にOCW-iにアップする。
力学基礎１N,教科書,講義ノートのpdfを事前に配布。
情報リテラシ第一1a(IL1),教科書,なし
文系エッセンス３１：シナジー社会論,教科書,今田高俊・舘岡康雄編著 『シナジー社会論』 （東京大学出版会）
世界を知る：東アジア,教科書,参考映画作品と、パワーポイントで作成した教材などを使う。
融合系ゼミ（意思決定論）導入１,教科書,必要に応じて指定する。
文系エッセンス４０：人間文化論,教科書,ヴィクトール・フランクルの『夜と霧』（池田香代子訳・みすず書房）、『それでも人生にYESと言う』（山田邦男／松田美穂訳・春秋社）。
文系エッセンス４０：人間文化論,教科書,
文系エッセンス４０：人間文化論,教科書,＊可能であれば、上記ニ冊を入手することが望ましいが、書籍の購入が困難な場合は、別途、講師（若松）もしくはアシスタントに連絡してください。
図学・図形デザイン第一,教科書,「図学概論」（須藤利一著，東京大学出版会）
東工大立志プロジェクト18,教科書,東工大立志プロジェクトガイドブック
文系エッセンス３５：メディア論,教科書,特に使用しない。その都度プリントを用意する予定
人間文化論Ｂ,教科書,内村鑑三『代表的日本人』『後世への最大遺物』（岩波文庫）。
人間文化論Ｂ,教科書,
人間文化論Ｂ,教科書,*可能であれば、上記ニ冊を入手することが望ましいが、書籍の購入が困難な場合は、別途、講師（若松）もしくはアシスタントに連絡してください。
日本語・日本文化研究1,教科書,特に指定しない。
修士キャリアプランB,教科書,なし。
力学基礎１P,教科書,古典力学
物理学演習第一k,教科書,授業で指定のもの
物理学演習第一p,教科書,授業で指定のもの
国際関係論Ｂ,教科書,特になし。毎回レジュメを配布する。
TOEFL対策セミナー（リーディング＆ライティング）第一5,教科書,"Lucas, 川端,　鈴木. 『TOEFL iBTテスト英語4技能完全対策演習』（松柏社, 2017）"
TOEFL対策セミナー（リーディング＆ライティング）第一5,教科書,"妻鳥, Stafford, 松井, 水本.『TOEFL TEST英単語スピードマスター(CD2枚付)』(Jリサーチ出版, 2006)"
環境安全論B,教科書,特になし。各担当教員に応じて講義資料をOCW-iにアップロードし配布予定。
科学・技術の最前線c,教科書,特に定めない。
世界を知る：ヨーロッパ,教科書,なし。毎回レジュメを配布する。
線形代数学第一・演習K(68～73),教科書,村山光孝『工学のための線形代数』（数理工学社）
有機化学基礎J,教科書,理工系学生のための基礎化学　有機化学 2020年度版，鈴木他，化学同人
生命科学基礎第一１A,教科書,スター「生物学」（東京化学同人）
環境安全論B,教科書,特になし。各担当教員に応じて講義資料をOCW-iにアップロードし配布予定。
東工大立志プロジェクト1,教科書,東工大立志プロジェクトガイドブック
経済学Ａ,教科書,特に指定しない。講義資料を配布する。
微分積分学第一・演習F(34～40),教科書,理工系の微分積分学・吹田信之，新保経彦・学術図書出版
微分積分学第一・演習L（74～80）,教科書,「入門微分積分」 三宅敏恒・培風館
環境安全論A,教科書,特になし。各担当教員に応じて講義資料をOCW-iにアップロードし配布予定。
教養特論：大学史,教科書,必要な資料は事前にOCW-iにアップする。
教育工学,教科書,"・松田稔樹, 星野敦子, 波多野和彦(2013)　学習者とともに取り組む授業改善－授業設計・教育の方法および技術・学習評価－, 学文社"
教育工学,教科書,"・松田稔樹, 星野敦子, 狩野浩二, 津吹卓(2012)　自ら学び考える教職教養－教育課程・制度・法規－, 学文社"
力学基礎１L,教科書,古典力学
社会モデリングＣ,教科書,なし
リカレント教育発展研修1A,教科書,特になし
文系エッセンス１７：心理学,教科書,なし。
修士キャリアデザインB2,教科書,市販教科書は使わず、担当教員が用意した内容を毎回講義資料としてOCW-iにアップする。
文系エッセンス３０：日本の詩,教科書,プリント
力学基礎１K,教科書,力学　戸田盛和
アカデミックライティング第十三1,教科書,"Glasman-Deal, Hilary. 2010. Science Research Writing: For Non-Native Speakers of English. London: Imperial College Press. (ISBN-13: 978-1-84816-31-2)"
サイエンティフィックコミュニケーション,教科書,無し
修士キャリアデザイン演習A2,教科書,指定なし
博士キャリアプランB,教科書,なし。
リーダーシップ・グループワーク基礎IS,教科書,随時授業内で示す
力学基礎１F,教科書,古典力学
国際関係論Ｃ,教科書,特になし。毎回レジュメを配布する。
情報リテラシ第一3b(IL1),教科書,なし
日本語会話中級31QA,教科書,指定しない。適宜資料を配布する。
力学基礎１C,教科書,プリントを使用します
力学基礎１I,教科書,サーウェイ基礎物理学〈1〉力学 
力学基礎１I,教科書,ISBN : 978-4807908301
力学基礎１I,教科書,
力学基礎１I,教科書,サーウェイ基礎物理学〈4〉力学・電磁気学演習
力学基礎１I,教科書,ISBN : 978-4807908332
東工大立志プロジェクト31,教科書,東工大立志プロジェクトガイドブック
国際文化論：アジア・アフリカ,教科書,特になし
心身のタフネス1,教科書,指定なし．
TOEFL対策セミナー（リスニング＆スピーキング）第一3,教科書,Get Ready for the TOEFL IBT: Listening and Reading
グローバル企業の研究開発実践論E,教科書,市販教科書は使わず、担当教員が用意した内容を毎回講義資料として活用する。
社会科学系ゼミ（心理学）導入１,教科書,なし
物理学演習第一o,教科書,授業で指定のもの
物理学演習第一j,教科書,授業で指定のもの
無機化学基礎H,教科書,理工系学生のための基礎化学　無機化学　2020年度版，植草他，化学同人
文化人類学Ａ,教科書,教科書は使用しない。資料は毎回の授業で配布する。
意思決定論Ａ,教科書,なし。
教養特論：スポーツ科学,教科書,指定なし
TOEFL対策セミナー（リスニング＆スピーキング）第一1,教科書,The Official Guide to the TOEFL Test Fifth Edition
英語スピーキング演習第十三1,教科書,"Paul Dummett, Helen Stephenson, and Lewis Lansford, Keynote Proficient (National Geographic Learning, 2017)"
日本語第一A,教科書,特に指定しない。
情報リテラシ第二1a(IL2),教科書,なし
ALP研修基礎B,教科書,無し。
物理学演習第一f,教科書,授業で指定のもの
統計学Ａ,教科書,授業で指示する．
哲学Ｂ,教科書,指定なし
心理・教育測定演習A,教科書,教科書を指定する予定であるが、間に合わなければ配布する
学びのデザイン,教科書,鈴木克明，美馬のゆり（編著）（2018）学習設計マニュアル - 「おとな」になるためのインストラクショナルデザイン，北大路書房
表象文化論Ａ,教科書,指定しない。
グローバルリーダーシップ実践,教科書,"The Student Leadership Challenge: Five Practices for Becoming an Exemplary Leader 3rd Edition, James Kouzes and Barry Posner"
微分積分学第一・演習E(28～33),教科書,「理工系の微分積分学」・吹田信之，新保経彦・学術図書出版
宗教学Ｃ,教科書,特になし。
英語スピーキング演習第一1,教科書,Handouts
TOEFL対策セミナー（リーディング＆ライティング）第五,教科書,ALL-ROUND PRACTICE FOR THE TOEFL TEST『TOEFLテスト攻略のための総合演習』（南雲堂）
発達と学習Ⅰ,教科書,原則として、講義用のハンドアウトを用いて行う
文系エッセンス１４：歴史学,教科書,指定しない。
英語スピーキング演習第十三2,教科書,Materials provided
情報リテラシ第一2a(IL1),教科書,なし
技術経営Ⅱ,教科書,教科書の指定は無し
日本文化演習1:ことばと文化1QB,教科書,Not specified.
微分積分学第一・演習U,教科書,Instructions are given in class
力学基礎１J,教科書,特に指定しない
情報リテラシ第一5c(IL1),教科書,なし
TOEFL対策セミナー（リーディング＆ライティング）第一3,教科書,"Lucas, 川端,　鈴木. 『TOEFL iBTテスト英語4技能完全対策演習』（松柏社, 2017）"
TOEFL対策セミナー（リーディング＆ライティング）第一3,教科書,"妻鳥, Stafford, 松井, 水本.『TOEFL TEST英単語スピードマスター(CD2枚付)』(Jリサーチ出版, 2006)"
教養特論：生物学史,教科書,使用しない。
スペイン語初級１S01,教科書,テジョ・マロト (1982) 『スペイン語12課』 白水社. 
スペイン語初級１S01,教科書,二宮哲 (2014) 『スペイン語文法の要点』 朝日出版社.
横断科目２１：未来社会デザイン論,教科書,なし
微分積分学第一・演習B(8～13),教科書,入門微分積分，三宅敏恒，培風館
微分積分学第一・演習D(21～27),教科書,「理工系の微分積分学」吹田信之，新保経彦　学術図書出版
物理学演習第一i,教科書,授業で指定のもの
有機化学基礎M,教科書,理工系学生のための基礎化学　有機化学 2020年度版，鈴木他，化学同人
東工大立志プロジェクト29,教科書,東工大立志プロジェクトガイドブック
中国語セミナー（入門・基礎）１,教科書,新概念チヤイニーズ(陳焔他　白帝社)
アカデミックプレゼンテーション第十三3,教科書,There is no required textbook in this course.
文系エッセンス１：人間力を育む,教科書,特になし。必要な資料は随時配布する。
スペイン語１a,教科書,テジョ・マロト (1982) 『スペイン語12課』 白水社. 
スペイン語１a,教科書,二宮哲 (2014) 『スペイン語文法の要点』 朝日出版社.
文系エッセンス２０：西洋思想1,教科書,特になし
修士研究インターンシップA,教科書,特に無し
力学基礎１E,教科書,"力学 (物理入門コース 新装版), 戸田盛和, 岩波書店"
科学技術社会論・科学技術政策Ｂ,教科書,藤垣裕子他『科学技術社会論の技法』東京大学出版会
国際文化論：ヨーロッパ・ラテンアメリカ,教科書,特になし
TOEFL対策セミナー（リーディング＆ライティング）第一1,教科書,TOEFL iBT テスト形式で磨くアカデミック英語（朝日出版社）
リカレント教育発展研修4A,教科書,特になし
社会科学系ゼミ（政策とメディアの社会学）導入１,教科書,適宜指示する。
社会動向の理解と分析,教科書,指定しない
文系エッセンス２４：社会思想史1,教科書,プリント配布
教養特論：データとトピックで知る日本経済,教科書,特になし
ものつくり,教科書,特になし。
微分積分学第一・演習C(14～20),教科書,指定なし
微分積分学第一・演習K（68～73）,教科書,「入門微分積分」三宅 敏恒著 （培風館）
線形代数学第一・演習C（14～20）,教科書,「線型代数入門」・齋藤正彦・東京大学出版会
力学基礎１G,教科書,力学　戸田盛和　岩波書店
物理学実験第一Mo,教科書,垣本史雄，江間健司編：基礎物理学実験，東京教学社
生命科学基礎第一１B,教科書,スター「生物学」（東京化学同人）
図学製図,教科書,「図学概論」（須藤利一著，東京大学出版会）
東工大立志プロジェクト13,教科書,東工大立志プロジェクトガイドブック
文化人類学Ｃ,教科書,教科書は使用しない。資料は毎回の授業で配布する。
融合系ゼミ（意思決定論）１,教科書,必要に応じて指定する。
TOEFL対策セミナー第十三1,教科書,Longman Preparation Course for the TOEFLiBT Test. 3rd Edition. 
TOEFL対策セミナー第十三1,教科書,Deborah Phillips Pearson Education 2015. ISBN 10:0-13-324802-X
アカデミックライティング第十三2,教科書,Ready to Write 3: From Paragraph to Essay (Third Edition)
リーダーシップアドバンス1,教科書,必要に応じて配布する
日本文化演習：適応,教科書,講義資料を配付する。
情報リテラシ第一3a(IL1),教科書,なし
日本語演習11QA,教科書,特に指定しない。
TOEFL対策セミナー（リーディング＆ライティング）第一2,教科書,Handouts
リーダーシップ道場7,教科書,授業時に新書を指定する予定です．
表象文化論Ｃ,教科書,指定しない。
金融機関のデジタルイノベーション,教科書,指定しない。
力学基礎１O,教科書,戸田盛和「力学（物理入門コース新装版）」岩波書店
力学基礎１M,教科書,培風館「基礎物理学 力学」秋光純・秋光正子 ・松川宏・越野和樹
物理学実験第一Fr,教科書,垣本史雄，江間健司編：基礎物理学実験，東京教学社
生命科学基礎第一１H,教科書,スター「生物学」（東京化学同人）
環境安全論A,教科書,特になし。各担当教員に応じて講義資料をOCW-iにアップロードし配布予定。
東工大立志プロジェクト24,教科書,東工大立志プロジェクトガイドブック
統計学Ｂ,教科書,授業で指示する．
意思決定論Ｃ,教科書,猪原健弘、「合理性と柔軟性－競争と社会の非合理戦略I」、勁草書房、2002年（1.2節、2.1節、7章、8章、9章）（ISBN-10: 4326502223、ISBN-13: 978-4326502226）
マルチメディアと表現技法,教科書,高橋佑磨ほか「伝わるデザインの基本」 技術評論社（2016）
中級日本語11QA,教科書,中級へ行こう (スリーエーネットワーク）
文系エッセンス１１：法学,教科書,芦部信喜・高橋和之補訂「憲法　第六版」岩波書店、ISBN-13: 978-4000227995
日本語第一B,教科書,特に指定しない。
情報リテラシ第一6b(IL1),教科書,なし
情報リテラシ第二2b(IL2),教科書,なし
修士キャリアデザイン演習B1,教科書,指定なし
TOEFL対策セミナー（リスニング＆スピーキング）第一2,教科書,Handouts
グローバルプレゼンテーションA,教科書,特定の教科書は用いない。本科目はアイディアや創造性、実践的なプレゼンテーションスキルの涵養に重きを置いている。
ALP研修Ⅲ（国内研修）A,教科書,無し
TOEFL対策セミナー（リーディング＆ライティング）第一4,教科書,The textbook will not be used and handouts will be delivered.
微分積分学第一・演習J（61～67）,教科書,「入門微分積分」三宅敏恒，培風館
力学基礎１D,教科書,戸田盛和　物理入門コース新装版力学　岩波書店
力学基礎２B,教科書,戸田盛和　力学
物理学演習第一a,教科書,授業で指定のもの
無機化学基礎A,教科書,理工系学生のための基礎化学　無機化学　2020年度版，植草他，化学同人
生命科学基礎第一１E,教科書,スター「生物学」（東京化学同人）
生命科学基礎第一１G,教科書,スター「生物学」（東京化学同人）
生命科学基礎第一２D,教科書,スター「生物学」（東京化学同人）
健康科学概論A1,教科書,特になし
東工大立志プロジェクト17,教科書,東工大立志プロジェクトガイドブック
社会学Ａ,教科書,"老川慶喜, 2016, 『もう一度読む 山川日本戦後史』山川出版社．"
政治学Ｂ,教科書,特にない。毎回、レジュメを配布する。関係する資料についても適宜配布する。
社会学Ｃ,教科書,文部省・総務省，2015，「私たちが拓く日本の未来 有権者として求められる力を身に付けるために」（http://www.soumu.go.jp/main_content/000378558.pdf）．
社会学Ｃ,教科書,西田亮介編，2016，『民主主義』幻冬舎．
英語第五10-RW,教科書,"Pathways Second Edition: Reading, Writing, and Critical Thinking, 3A, National Geographic Learning"
ドイツ語初級１D11,教科書,担当教員が指定するもの
中級日本語31QA,教科書,中級を学ぼう 日本語の文型と表現５６ 中級前期　第２版(スリーエーネットワーク）
中級日本語31QA,教科書,ISBN： 9784883197880
アカデミックプレゼンテーション第十三1,教科書,"Powell, Mark. 2010. Dynamic Presentations (Cambridge Business Skills). Cambridge: Cambridge University Press. (ISBN: 978-0-521-15004-0)"
情報リテラシ第一4b(IL1),教科書,なし
情報リテラシ第一6c(IL1),教科書,なし
初級日本語11QC,教科書,山崎 佳子、 土井 みつる　Basic Japanese for Students はかせ〈1〉　スリーエーネットワーク ISBN-13: 978-4883194056
ALP研修I(ティーチング)B,教科書,無し。
日本語会話初中級11QA,教科書,指定しない。適宜資料を配布する。
英語第三再3,教科書,『ニュースメディアの英語2020』（朝日出版社）
ロシア語初級１R05,教科書,桑野隆『初級ロシア語２０課』、白水社、２０１６年（２０１２年）。事前に入手し、最初の授業に持参すること。
博士キャリアデザインB,教科書,市販教科書は使わず、担当教員が用意した内容を毎回講義資料としてプリントして配布すると同時にOCW-iにアップする。
情報リテラシ第一EN(IL1),教科書,なし
社会課題の認知ワークショップI,教科書,指定なし
微分積分学第一・演習G（41～47）,教科書,『入門微分積分』三宅敏恒・培風館
線形代数学第一・演習A（1～7）,教科書,村山光孝，工学のための線形代数，数理工学社
線形代数学第一・演習I(54～60),教科書,加藤文元、「大学教養 線形代数」、数研出版
物理学演習第一d,教科書,授業で指定のもの
有機化学基礎L,教科書,理工系学生のための基礎化学　有機化学 2020年度版，鈴木他，化学同人
生命科学基礎第一１C,教科書,スター「生物学」（東京化学同人）
生命科学基礎第一１D,教科書,スター「生物学」（東京化学同人）
生命科学基礎第一１F,教科書,スター「生物学」（東京化学同人）
健康科学概論A3,教科書,特になし
法学（民事法）Ａ,教科書,教科書は特に指定しません。
法学（民事法）Ａ,教科書,東工大MOOC「Basic Japanese Civil Law」のコース内容に従って進めています。
法学（民事法）Ａ,教科書,https://www.citl.titech.ac.jp/japaneselaw/
国際関係論Ａ,教科書,特になし。毎回レジュメを配布する。
芸術Ｂ,教科書,主体的な鑑賞を重視するため、教科書は指定しない。
教職概論Ａ,教科書,適宜、配布する。
教職概論Ａ,教科書,秋田喜代美・佐藤学（編）、2015、『新しい時代の教職入門【改訂版】』、有斐閣。
教職概論Ａ,教科書,佐藤学、2015、『専門家として教師を育てる―教師教育改革のグランドデザイン―』、岩波書店。
教職概論Ａ,教科書,高橋浩・金田健司（編）、2019、『教育の本質と教師の学び』、学文社。
初級日本語11QA,教科書,山崎 佳子、 土井 みつる　Basic Japanese for Students はかせ〈1〉　スリーエーネットワーク ISBN-13: 978-4883194056
心理・教育測定演習B,教科書,教科書を指定する予定であるが、間に合わなければ配布する
日本語第一C,教科書,特に指定しない。
情報リテラシ第二6c(IL2),教科書,なし
技術経営Ⅰ,教科書,特になし
メディア論Ｃ,教科書,特に使用しない。
線形代数学第一・演習J(61～67),教科書,村山光孝『工学のための線形代数』（数理工学社）
力学基礎２I,教科書,サーウェイ基礎物理学〈1〉力学 
力学基礎２I,教科書,ISBN : 978-4807908301
力学基礎２I,教科書,
力学基礎２I,教科書,サーウェイ基礎物理学〈4〉力学・電磁気学演習
力学基礎２I,教科書,ISBN : 978-4807908332
物理学演習第一g,教科書,授業で指定のもの
無機化学基礎B,教科書,理工系学生のための基礎化学　無機化学　2020年度版，植草他，化学同人
無機化学基礎EnglishClass,教科書,理工系学生のための基礎化学　無機化学　2020年度版，植草他，化学同人
有機化学基礎E,教科書,理工系学生のための基礎化学　有機化学 2020年度版，鈴木他，化学同人
生命科学基礎第一２A,教科書,スター「生物学」（東京化学同人）
健康科学概論S1(申告専用）,教科書,特になし
東工大立志プロジェクト9,教科書,東工大立志プロジェクトガイドブック
科学技術社会論・科学技術政策Ａ,教科書,とくに定めない
宗教学Ｂ,教科書,特になし。
心理学Ｂ,教科書,和田万紀（編）『心理学（第3版）』　弘文堂
科学哲学Ｃ,教科書,特になし。適宜、資料などを配布する。
教養特論：日本思想史,教科書,プリント配布
英語第一30,教科書,毎回プリントを配布する。
英語第一30,教科書,授業には、毎回辞書を持参すること。
英語第二16,教科書,Handouts
英語第二16,教科書,*コロナウイルス感染拡大による影響のため、教科書使用を中止いたしました。間違えないようにお気をつけください。
英語第五4-LS,教科書,"Coffeeshop Discussions: the foundation of ""good"" discussions. Alan Bassaer. Nan'undo."
初級日本語31QB,教科書,"『大地(だいち)　2』   (スリーエーネットワーク)     ISBN-13: 978-4883195077          \2,800　+ tax『大地(だいち)　2 文型(ぶんけい)説明(せつめい)と翻訳(ほんやく)』(」)(英語版(えいごばん)ISBN-13: 978-4883195213 / 中国語版(ちゅうごくごばん) / 韓国語版(かんこくごばん))       \2,100　+ tax"
アカデミックライティング第十四2,教科書,Ready to Write 3: From Paragraph to Essay (Third Edition)
リーダーシップアドバンス2,教科書,必要に応じて配布する
文系エッセンス４：社会学,教科書,"老川慶喜, 2016, 『もう一度読む 山川日本戦後史』山川出版社．"
情報リテラシ第一1b(IL1),教科書,なし
情報リテラシ第一1c(IL1),教科書,なし
情報リテラシ第一5a(IL1),教科書,なし
情報リテラシ第一5b(IL1),教科書,なし
グローバル企業の研究開発実践論J,教科書,市販教科書は使わず、担当教員が用意した内容を毎回講義資料として活用する。
修士キャリアデザイン演習B2,教科書,指定なし
教養特論：ミュージアムから学ぶ科学・技術・文化コミュニケーション,教科書,特になし
文系エッセンス３９：意思決定論E1,教科書,該当なし。
人間文化論Ｃ,教科書,合隼雄の二著作『ユング心理学入門』、『生と死の接点』（岩波現代文庫）。講義には必ずこの二冊を持参すること。
ALP研修Ⅲ（国内研修）B,教科書,無し
日本文化演習1:ことばと文化1QC,教科書,Not specified.
線形代数学第一・演習B（8～１3）,教科書,「数研講座シリーズ 大学教養 線形代数」加藤文元，数研出版
力学基礎１A,教科書,「力学」福島雄児・杉山忠男著　（講談社）基礎物理学シリーズ
物理学演習第一c,教科書,授業で指定のもの
生命科学基礎第一２C,教科書,スター「生物学」（東京化学同人）
東工大立志プロジェクト2,教科書,東工大立志プロジェクトガイドブック
東工大立志プロジェクト5,教科書,東工大立志プロジェクトガイドブック
東工大立志プロジェクト19,教科書,東工大立志プロジェクトガイドブック
コミュニケーション論Ａ,教科書,特に使用しない。
英語第一31,教科書,On Board for More World Adventures
英語第一31,教科書,続・DVDで学ぶ世界の文化と英語
英語第一31,教科書,Scott Berlin / 小林めぐみ 著
英語第一31,教科書,"金星堂￥2,300 ( 税込 ￥2,530 )"
英語第一31,教科書,ISBN: 978-4-7647-3991-8
英語スピーキング演習第二1,教科書,Handouts
TOEIC対策セミナー第二,教科書,『レベル別 TOEIC® L&amp;Rテスト実力養成コース：中級編』（金星堂）ISBN978-4-7647-4090-7
韓国語１a,教科書,最新チャレンジ! 韓国語（白水社）
中級日本語11QB,教科書,中級へ行こう (スリーエーネットワーク）
フランス語文化演習１,教科書,『時事フランス語2020年度版』（朝日出版社）
文系エッセンス４５：シミュレーション社会科学,教科書,なし
日本語第五A,教科書,特に指定しない。
情報リテラシ第一2b(IL1),教科書,なし
情報リテラシ第一4c(IL1),教科書,なし
情報リテラシ第二2a(IL2),教科書,なし
TOEFL対策セミナー第十三2,教科書,Longman Preparation Course for the TOEFLiBT Test. 3rd Edition. 
TOEFL対策セミナー第十三2,教科書,Deborah Phillips Pearson Education 2015. ISBN 10:0-13-324802-X
日本企業研究とコミュニケーションスキルII,教科書,特になし
英語プレゼンテーション演習第一,教科書,Materials provided
フランス語初級１F03,教科書,『場面で学ぶフランス語１[三訂版]』（三修社）
ドイツ語初級１D31,教科書,担当教員が指定するもの
リーダーシップ道場11,教科書,授業時に新書を指定する予定です．
教養特論：オンライン学習コース概論,教科書,教材詳細については、下記ウェブサイトで5月から6月まで観覧可能です。
グローバル課題への挑戦,教科書,なし
クリエイティブディスカッションA,教科書,"Joe Goodbread, Befriending Conflict: How to Make Conflict Safer, More Productive, and More Fun (2010)"
第二外国語海外研修1A1,教科書,なし
プロフェッショナルと価値創造I,教科書,なし
社会科学系ゼミ（政治と社会）導入１,教科書,塚田穂高編『徹底検証 日本の右傾化』（筑摩選書、2017年）
技術移転と知財,教科書,なし
リーダーシップ・グループワーク発展IS,教科書,なし
線形代数学第一・演習D（21～27）,教科書,梶原健「行列のヒミツがわかる！使える！線形代数講義」（日本評論社）
力学基礎２N,教科書,講義ノートを事前にpdfで配布。
無機化学基礎C,教科書,理工系学生のための基礎化学　無機化学　2020年度版，植草他，化学同人
無機化学基礎E,教科書,理工系学生のための基礎化学　無機化学　2020年度版，植草他，化学同人
ウェルネス実習B1,教科書,なし
東工大立志プロジェクト11,教科書,東工大立志プロジェクトガイドブック
東工大立志プロジェクト16,教科書,東工大立志プロジェクトガイドブック
東工大立志プロジェクト21,教科書,東工大立志プロジェクトガイドブック
東工大立志プロジェクト23,教科書,東工大立志プロジェクトガイドブック
東工大立志プロジェクト37,教科書,東工大立志プロジェクトガイドブック
教養特論：多文化共生論,教科書,なし。
言語学Ｂ,教科書,[入門]ことばの世界　瀬田，保阪，外池，中島編著，大修館書店
科学史Ｃ,教科書,特になし。
技術史Ｃ,教科書,なし
英語第一1,教科書,"Issues For Today 3, (Cengage)"
英語第一5,教科書,プリント教材
英語第一37,教科書,Handouts
英語第一37,教科書,*コロナウイルス感染拡大による影響のため、教科書使用を中止いたしました。間違えないようにお気をつけください。
英語第一39,教科書,"Mills, Robin L., and Laurie L Frazier. 2014. NorthStar: Listening &amp; Speaking, Level 2. Fourth Edition. White Plains, New York: Pearson Education. (ISBN: 978-0134049793)"
英語第五19-LS,教科書,"Ellen Kisslinger (2017) Contemporary Topics 2: 21st Century Skills for Academic Success (Fourth edition), Pearson Education "
英語第五19-LS,教科書,ISBN: 978-0-13-440080-8
中国語セミナー（応用・留学）１,教科書,話してみたい中国語スピーキング倶楽部(相原茂他、朝日出版社)
発達と学習Ⅱ,教科書,原則として、講義用のハンドアウトを用いて行う
教育実習第一Ａ,教科書,なし
中級日本語31QB,教科書,中級を学ぼう 日本語の文型と表現５６ 中級前期　第２版(スリーエーネットワーク）
中級日本語31QB,教科書,ISBN： 9784883197880
アカデミックプレゼンテーション第十三4,教科書,There is no required textbook in this course.
ゲーミング教材設計演習,教科書,・http://www.et.hum.titech.ac.jp/~matsuda/Gamingの「教授活動ゲーム用ゲーム盤作成および運用マニュアル」など
ドイツ語文化演習１,教科書,授業中に指示する。
中国語文化演習１,教科書,担当教員が指定するもの。
英語スピーチ演習第十三1,教科書,"Mark Powell, Dynamic Presentations (Cambridge University Press, 2011)"
情報リテラシ第一4a(IL1),教科書,なし
ALP研修II（海外研修）A,教科書,無し。
日本語演習71QA,教科書,なし
日本語演習51QA,教科書,テキストはこちらで用意して配布しますので、購入の必要はありません。
東工大立志プロジェクト41,教科書,東工大立志プロジェクトガイドブック
日本語・日本文化研究2,教科書,特に指定しない。
英語プレゼンテーション演習第二,教科書,Materials provided
教育課程編成の方法,教科書,・文部科学省：小学校／中学校／高等学校　学習指導要領
教育課程編成の方法,教科書,・文部科学省：小学校／中学校／高等学校　学習指導要領解説　総則編
教育課程編成の方法,教科書,"・松田稔樹, 星野敦子, 狩野浩二, 津吹卓(2012)　自ら学び考える教職教養－教育課程・制度・法規－, 学文社"
古典ギリシア語５,教科書,田中美知太郎・松平千秋『ギリシア語入門』　改訂版、岩波書店、２０１２年
古典ラテン語５,教科書,松平千秋、国原吉之助『新ラテン文法』、東洋出版、１９９７年
PLP研修1A,教科書,特になし
特別活動及び総合的な学習の時間の指導法,教科書,文部科学省：中学校／高等学校　学習指導要領解説－総合的な学習の時間編
特別活動及び総合的な学習の時間の指導法,教科書,文部科学省：中学校／高等学校　学習指導要領解説　特別活動編
スペイン語初級１S02,教科書,テジョ・マロト (1982) 『スペイン語12課』 白水社. 
スペイン語初級１S02,教科書,二宮哲 (2014) 『スペイン語文法の要点』 朝日出版社.
リーダーシップ・グループワーク基礎IIS,教科書,随時授業内で示す
リーダーシップ・グループワーク実践IS,教科書,随時授業内で示す。
リーダーシップ・グループワーク実践IIS,教科書,随時授業内で示す。
線形代数学第一・演習H(48～53),教科書,加藤文元『大学教養 線形代数』（数研出版社）
力学基礎１H,教科書,"戸田盛和『力学（物理入門コース 新装版）』岩波書店, ISBN-13: 978-4000298612"
力学基礎２O,教科書,戸田盛和「力学（物理入門コース新装版）」岩波書店
力学基礎２K,教科書,戸田盛和　力学
力学基礎２L,教科書,古典力学
力学基礎２P,教科書,古典力学
物理学演習第一e,教科書,授業で指定のもの
物理学実験第一Th,教科書,垣本史雄，江間健司編：基礎物理学実験，東京教学社
無機化学基礎D,教科書,理工系学生のための基礎化学　無機化学　2020年度版，植草他，化学同人
無機化学基礎J,教科書,理工系学生のための基礎化学　無機化学　2020年度版，植草他，化学同人
有機化学基礎I,教科書,理工系学生のための基礎化学　有機化学 2020年度版，鈴木他，化学同人
生命科学基礎第一２B,教科書,スター「生物学」（東京化学同人）
生命科学基礎第一２E,教科書,スター「生物学」（東京化学同人）
生命科学基礎第一２F,教科書,スター「生物学」（東京化学同人）
ウェルネス実習A1,教科書,必要に応じて授業内で指示する
東工大立志プロジェクト6,教科書,東工大立志プロジェクトガイドブック
東工大立志プロジェクト7,教科書,東工大立志プロジェクトガイドブック
東工大立志プロジェクト34,教科書,東工大立志プロジェクトガイドブック
東工大立志プロジェクト36,教科書,東工大立志プロジェクトガイドブック
東工大立志プロジェクト40,教科書,東工大立志プロジェクトガイドブック
文学Ｃ,教科書,教科書は指定しない。参照必要な作品に関しては適宜授業内で指示する。
英語第一3,教科書,"Level ２, Pathways: Listening, Speaking and Critical Thinking, 2nd edition, Paul Macintyre, Student Book with Online Workbook Access Code (National Geographic Learning) (ISBN-13: 978-1337562522)"
英語第一7,教科書,English for Science and Technology Students; Developing Skills for Scientific Communication
英語第一7,教科書,4技能を伸ばす理工系学生のための基礎英語（朝日出版社）
英語第一11,教科書,Online Materials
英語第一14,教科書,"Simon Horobin, The English Language: A Very Short Introduction. Oxford UP, 2018."
英語第一16,教科書,Handouts
英語第一16,教科書,*コロナウイルス感染拡大による影響のため、教科書使用を中止いたしました。間違えないようにお気をつけください。
英語第一20,教科書,"Phillips, Terry, Kenji Hitomi, and Eiichi Yubune, Integrated Technical English 『テクニカルイングリッシュ入門』 (成美堂)"
英語第一20,教科書,ISBN 978-4-7919-0075-6
英語第二14,教科書,"Simon Horobin, The English Language: A Very Short Introduction. Oxford UP, 2018."
TOEFL対策セミナー（リーディング＆ライティング）第九,教科書,教員が用意する
中国語初級１C01,教科書,『4ステップ大学生初級中国語』　陳焔・戦暁梅・劉岸偉著　白帝社　2020年3月
工業科教育法Ⅰ,教科書,高等学校学習指導要領
工業科教育法Ⅰ,教科書,授業ごとにプリントを配布する。
マルチメディアと学習環境,教科書,必要に応じて資料を配付する
教育相談論,教科書,原則として、講義用のハンドアウトを用いて行う
中級日本語22QA,教科書,中級へ行こう（スリーエーネットワーク）
TOEFL対策セミナー第十四1,教科書,Longman Preparation Course for the TOEFLiBT Test. 3rd Edition. 
TOEFL対策セミナー第十四1,教科書,Deborah Phillips Pearson Education 2015. ISBN 10:0-13-324802-X
アカデミックプレゼンテーション第十三2,教科書,excerpts from various sources
ドイツ語文化演習２,教科書,授業中に指示する。
世界を知る：中南米,教科書,特になし
心理・教育測定基礎編,教科書,松田稔樹・萩生田伸子監修(2020)　問題解決のための統計分析～データサイエンスはじめの一歩～、実教出版
心理・教育測定基礎編,教科書,（ただし、現在、発刊準備中であり、発刊するまでは配布資料を用いる予定である）
英語スピーキング演習第十四2,教科書,Handouts
言語文化演習第十三,教科書,プリント教材を配布
これからの経営管理とプロフェッショナル育成（物質理工学）,教科書,教科書は使用せず、授業中にスライド等の映像資料を使って講義を行う
情報リテラシ第一3c(IL1),教科書,なし
情報リテラシ第二4b(IL2),教科書,なし
国際研究研修３Ａ,教科書,特になし
英語第一申告専用,教科書,-
中国語初級１C05,教科書,『4ステップ大学生初級中国語』　陳焔・戦暁梅・劉岸偉著　白帝社　2020年3月
グローバルプレゼンテーションB,教科書,特定の教科書は用いない。本科目はアイディアや創造性、実践的なプレゼンテーションスキルの涵養に重きを置いている。
英語海外研修IIB1,教科書,なし
リーダーシップ入門B,教科書,指定なし．必要に応じて資料を配布する．
スペイン語１b,教科書,テジョ・マロト (1982) 『スペイン語12課』 白水社. 
スペイン語１b,教科書,二宮哲 (2014) 『スペイン語文法の要点』 朝日出版社.
社会科学系ゼミ（心理学）１,教科書,なし
融合系ゼミ（社会科学への量的アプローチ入門）１,教科書,ゼミで指示する．
アジア交流派遣学習基礎（TokyoTech-AYSEAS）,教科書,特に指定しない。
社会科学系ゼミ（政治と社会）１,教科書,塚田穂高編『徹底検証 日本の右傾化』（筑摩選書、2017年）
スペイン語初級１S03,教科書,テジョ・マロト (1982) 『スペイン語12課』 白水社. 
スペイン語初級１S03,教科書,二宮哲 (2014) 『スペイン語文法の要点』 朝日出版社.
リーダーシップ・グループワーク発展IIS,教科書,なし
線形代数学第一・演習E（28～33）,教科書,"入門線形代数, 三宅敏恒 著, 培風館"
線形代数学第一・演習F（34～40）,教科書,"入門線形代数, 三宅敏恒 著, 培風館"
力学基礎２J,教科書,特に指定しない
力学基礎２E,教科書,"力学 (物理入門コース 新装版), 戸田盛和, 岩波書店"
物理学実験第一Tu,教科書,垣本史雄，江間健司編：基礎物理学実験，東京教学社
無機化学基礎F,教科書,理工系学生のための基礎化学　無機化学　2020年度版，植草他，化学同人
有機化学基礎B,教科書,理工系学生のための基礎化学　有機化学 2020年度版，鈴木他，化学同人
有機化学基礎F,教科書,理工系学生のための基礎化学　有機化学 2020年度版，鈴木他，化学同人
有機化学基礎K,教科書,理工系学生のための基礎化学　有機化学 2020年度版，鈴木他，化学同人
東工大立志プロジェクト3,教科書,東工大立志プロジェクトガイドブック
東工大立志プロジェクト26,教科書,東工大立志プロジェクトガイドブック
東工大立志プロジェクト35,教科書,東工大立志プロジェクトガイドブック
芸術Ｃ,教科書,教科書は指定しません。授業で扱う作品の画像は、事前にOCW-iにアップします。
社会科学系ゼミ（法学ゼミ）３,教科書,学期毎に参加者と相談して決定する
英語第一6,教科書,￼On Board for More World Adventures
英語第一6,教科書, (続・DVDで学ぶ世界の文化と英語) (金星堂)
英語第一8,教科書,"CNN 10 Student News Vol. 8, Asahi Press"
英語第一15,教科書,Yuto Koizumi. 2019. Listening Lessons through 15 Inspirational Movies. Tokyo: TSURUMI SHOTEN. (ISBN: 978-4-7553-0389-0)
英語第一21,教科書,"Issues For Today 3, (Cengage)"
英語第一32,教科書,グローバル社会の潮流：ジム・カヌーセン：南雲堂
英語第一36,教科書,賛否両論の社会問題を考える２ (センゲージラーニング) (ISBN 978-4-86312-333-5)
英語第二36,教科書,賛否両論の社会問題を考える２ (センゲージラーニング) (ISBN 978-4-86312-333-5)
英語第五34-RW,教科書,Inbound/Outbound Japan
英語第五34-RW,教科書,Michael Pronko 著、金星堂
TOEFL対策セミナー（リスニング＆スピーキング）第五,教科書,"Edmunds, Paul, Nancie McKinnon, and Jeff Zeter. 2009. Developing Skills for the TOEFL iBT, Intermediate, Listening. Second edition. Compass Publishing. (ISBN: 978-59966-353-1)"
英語スピーチ演習第九,教科書,"Mark Powell, Dynamic Presentations (Cambridge University Press, 2011)"
中国語中級１,教科書,『大学生のための　中級中国語20回』（白帝社）
教育実習第三Ａ,教科書,なし
宇宙地球科学基礎ラボ（地球物質）,教科書,特になし
初級日本語31QA,教科書,"『大地(だいち)　2』   (スリーエーネットワーク)     ISBN-13: 978-4883195077          \2,800　+ tax『大地(だいち)　2 文型(ぶんけい)説明(せつめい)と翻訳(ほんやく)』(」)(英語版(えいごばん)ISBN-13: 978-4883195213 / 中国語版(ちゅうごくごばん) / 韓国語版(かんこくごばん))       \2,100　+ tax"
アカデミックプレゼンテーション第十四4,教科書,There is no required textbook in this course.
情報リテラシ第一6a(IL1),教科書,なし
情報リテラシ第二1c(IL2),教科書,なし
情報リテラシ第二3b(IL2),教科書,なし
初級日本語11QB,教科書,山崎 佳子、 土井 みつる　Basic Japanese for Students はかせ〈1〉　スリーエーネットワーク ISBN-13: 978-4883194056
社会科学系ゼミ（政策とメディアの社会学）５,教科書,適宜指示する。
融合系ゼミ（意思決定論）５,教科書,必要に応じて指定する。
融合系ゼミ（意思決定論）３,教科書,必要に応じて指定する。
TOEFL対策セミナー第十四2,教科書,Longman Preparation Course for the TOEFLiBT Test. 3rd Edition. 
TOEFL対策セミナー第十四2,教科書,Deborah Phillips Pearson Education 2015. ISBN 10:0-13-324802-X
リカレント教育発展研修4B,教科書,特になし
英語スピーキング演習第五2,教科書,Handouts
中国語初級１C08,教科書,『4ステップ大学生初級中国語』　陳焔・戦暁梅・劉岸偉著　白帝社　2020年3月
ドイツ語初級１D21,教科書,担当教員が指定するもの
古典ギリシア語１,教科書,田中美知太郎・松平千秋『ギリシア語入門』　改訂版、岩波書店、２０１２年
リーダーシップ道場12,教科書,授業時に新書を指定する予定です．
日本文化演習1:ことばと文化1QA,教科書,Not specified.
社会科学系ゼミ（日米関係と沖縄）１,教科書,適宜指示する
リーダーシップ・オフキャンパスプロジェクトA,教科書,必要に応じて設定する．
リーダーシップ・オフキャンパスプロジェクトB,教科書,必要に応じて設定する．
英語海外研修1A1,教科書,なし
リーダーシップ入門A,教科書,指定なし．必要に応じて資料を配布する．
英語第三再4,教科書,『15章版：ニュースメディアの英語2020』（朝日出版社）
スペイン語初級１S04,教科書,テジョ・マロト (1982) 『スペイン語12課』 白水社. 
スペイン語初級１S04,教科書,二宮哲 (2014) 『スペイン語文法の要点』 朝日出版社.
スペイン語初級１S07,教科書,テジョ・マロト (1982) 『スペイン語12課』 白水社. 
スペイン語初級１S07,教科書,二宮哲 (2014) 『スペイン語文法の要点』 朝日出版社.
スペイン語文化演習１,教科書,適宜配布する（授業計画を参照）
TOEFL対策セミナー（リーディング＆ライティング）第二5,教科書,"Lucas, 川端,　鈴木. 『TOEFL iBTテスト英語4技能完全対策演習』（松柏社, 2017）"
TOEFL対策セミナー（リーディング＆ライティング）第二5,教科書,"妻鳥, Stafford, 松井, 水本.『TOEFL TEST英単語スピードマスター(CD2枚付)』(Jリサーチ出版, 2006)"
線形代数学第一・演習G(41～47),教科書,『数研講座シリーズ 大学教養 線形代数』加藤文元（数研出版）
線形代数学第一・演習L(74～80),教科書,「工学のための線形代数」村山 光孝・数理工学社
力学基礎２C,教科書,戸田盛和『力学（物理入門コース新装版） 』 岩波書店
物理学演習第一h,教科書,授業で指定のもの
無機化学基礎M,教科書,理工系学生のための基礎化学　無機化学　2020年度版，植草他，化学同人
無機化学基礎O,教科書,理工系学生のための基礎化学　無機化学　2020年度版，植草他，化学同人
無機化学基礎P,教科書,理工系学生のための基礎化学　無機化学　2020年度版，植草他，化学同人
有機化学基礎D,教科書,理工系学生のための基礎化学　有機化学 2020年度版，鈴木他，化学同人
有機化学基礎EnglishClass,教科書,理工系学生のための基礎化学　有機化学 2020年度版，鈴木他，化学同人
有機化学基礎P,教科書,理工系学生のための基礎化学　有機化学 2020年度版，鈴木他，化学同人
生命科学基礎第一２G,教科書,スター「生物学」（東京化学同人）
東工大立志プロジェクト4,教科書,東工大立志プロジェクトガイドブック
東工大立志プロジェクト12,教科書,東工大立志プロジェクトガイドブック
東工大立志プロジェクト27,教科書,東工大立志プロジェクトガイドブック
英語第一26,教科書,映像で学ぶ 最新科学の深層
英語第一26,教科書,野﨑嘉信 / 松本和子 / Alastair Graham-Marr 編著、金星堂
英語第一28,教科書,『Science』で読む科学の世界(南雲堂) ISBN: 4-523-17698-5
英語第三再2,教科書,ソーシャル・アウトルック：メディア英語で社会を視る（三修社）（ISBN　978-4-384-33493-7)
英語第五14-RW,教科書,"Nancy A. Pachana, Ageing: A Very Short Introduction. Oxford UP, 2018."
英語第五32-LS,教科書,Handouts
英語第五32-LS,教科書,*コロナウイルス感染拡大による影響のため、教科書使用を中止いたしました。間違えないようにお気をつけください。
英語第七再2,教科書,ソーシャル・アウトルック：メディア英語で社会を視る（三修社）(ISBN 978-4-384-33493-7)
TOEFL対策セミナー（リスニング＆スピーキング）第二1,教科書,The Official Guide to the TOEFL Test Fifth Edition
英語スピーキング演習第五1,教科書,Handouts
英語プレゼンテーション演習第五,教科書,Handouts
フランス語中級２,教科書,場面で学ぶフランス語２［改訂版］ （三修社）
ドイツ語セミナー（入門・基礎）１,教科書,テキストは授業内で随時配布します。（プリント教材）
教職概論Ｂ,教科書,適宜、配布する。
教職概論Ｂ,教科書,秋田喜代美・佐藤学（編）、2015、『新しい時代の教職入門【改訂版】』、有斐閣。
教職概論Ｂ,教科書,佐藤学、2015、『専門家として教師を育てる―教師教育改革のグランドデザイン―』、岩波書店。
教職概論Ｂ,教科書,高橋浩・金田健司（編）、2019、『教育の本質と教師の学び』、学文社。
初級日本語31QC,教科書,"『大地(だいち)　2』   (スリーエーネットワーク)     ISBN-13: 978-4883195077          \2,800　+ tax『大地(だいち)　2 文型(ぶんけい)説明(せつめい)と翻訳(ほんやく)』(」)(英語版(えいごばん)ISBN-13: 978-4883195213 / 中国語版(ちゅうごくごばん) / 韓国語版(かんこくごばん))       \2,100　+ tax"
中級日本語31QC,教科書,中級を学ぼう 日本語の文型と表現５６ 中級前期　第２版(スリーエーネットワーク）
中級日本語31QC,教科書,ISBN： 9784883197880
アカデミックプレゼンテーション第十四1,教科書,none
日本語研修コースA１(集中コース)1QA,教科書,Basic Japanese for Students はかせ1、2　スリーエーネットワーク
日本語研修コースA２(集中コース)2QA,教科書,"大地 2, メインテキスト、スリーエーネットワーク"
日本語研修コースA２(集中コース)2QA,教科書,"大地 2, 文献説明と翻訳、スリーエーネットワーク"
日本語第二A,教科書,特に指定しない。
情報リテラシ第二3a(IL2),教科書,なし
初級日本語11QD,教科書,山崎 佳子、 土井 みつる　Basic Japanese for Students はかせ〈1〉　スリーエーネットワーク ISBN-13: 978-4883194056
日本語漢字基礎11QA,教科書,オリジナル教材
日本語会話中級11QA,教科書,『Weekly J 日本語で話す６週間』（凡人社）
生命科学基礎第一１K,教科書,スター「生物学」（東京化学同人）
日本企業・産業研究II,教科書,指定された教科書はない
グローバル理工人研修入門１Ａd,教科書,N/A
グローバル理工人研修１Ａp,教科書,N/A
英語第七再3,教科書,『ニュースメディアの英語2020』（朝日出版社）
中国語初級１C02,教科書,『4ステップ大学生初級中国語』　陳焔・戦暁梅・劉岸偉著　白帝社　2020年3月
中国語初級１C06,教科書,『4ステップ大学生初級中国語』　陳焔・戦暁梅・劉岸偉著　白帝社　2020年3月
中国語初級１C09,教科書,『4ステップ大学生初級中国語』　陳焔・戦暁梅・劉岸偉著　白帝社　2020年3月
中国語初級１C13,教科書,『4ステップ大学生初級中国語』　陳焔・戦暁梅・劉岸偉著　白帝社　2020年3月
中国語初級２C05,教科書,『4ステップ大学生初級中国語』　陳焔・戦暁梅・劉岸偉著　白帝社　2020年3月
フランス語初級１F05,教科書,『場面で学ぶフランス語１[三訂版]』（三修社）
ドイツ語初級１D14,教科書,担当教員が指定するもの
ドイツ語初級１D41,教科書,担当教員が指定するもの
リーダーシップ道場8,教科書,授業時に新書を指定する予定です．
教養特論：科学とヒューマニズム,教科書,特になし
中級日本語51QB,教科書,『日本語学習者のための読解厳選テーマ10［中級］』（凡人社）
古典ラテン語１,教科書,松平千秋、国原吉之助『新ラテン文法』、東洋出版、１９９７年
日本文化演習2:ことばと文化1QA,教科書,特に指定しない。
社会科学系ゼミ（日米関係と沖縄）導入１,教科書,適宜指示する
リカレント教育発展研修2-1A,教科書,特になし
韓国語１b,教科書,最新チャレンジ! 韓国語（白水社）
融合系ゼミ（社会科学への量的アプローチ入門）導入１,教科書,ゼミで指示する．
社会科学系ゼミ（心理学）３,教科書,なし
日本文化演習：ことばと文学,教科書,国語便覧 浜島書店 680円
スペイン語初級１S06,教科書,テジョ・マロト (1982) 『スペイン語12課』 白水社. 
スペイン語初級１S06,教科書,二宮哲 (2014) 『スペイン語文法の要点』 朝日出版社.
スペイン語初級１S08,教科書,テジョ・マロト (1982) 『スペイン語12課』 白水社. 
スペイン語初級１S08,教科書,二宮哲 (2014) 『スペイン語文法の要点』 朝日出版社.
スペイン語初級１S09,教科書,テジョ・マロト (1982) 『スペイン語12課』 白水社. 
スペイン語初級１S09,教科書,二宮哲 (2014) 『スペイン語文法の要点』 朝日出版社.
スペイン語初級１S10,教科書,テジョ・マロト (1982) 『スペイン語12課』 白水社. 
スペイン語初級１S10,教科書,二宮哲 (2014) 『スペイン語文法の要点』 朝日出版社.
中級日本語71QC,教科書,『日本語学習者のための読解厳選テーマ10［中上級］』（凡人社）
グローバル理工人研修入門２Ａ,教科書,N/A
アジア交流派遣学習（TokyoTech-AYSEAS）,教科書,特に指定しない。
線形代数学第一・演習V,教科書,Instructions are given in class
力学基礎２D,教科書,永田一清編　ライブラリ工学基礎物理学1　基礎力学、サイエンス社
力学基礎２F,教科書,古典力学
力学基礎２H,教科書,"戸田盛和『力学（物理入門コース 新装版）』岩波書店, ISBN-13: 978-4000298612"
無機化学基礎G,教科書,理工系学生のための基礎化学　無機化学　2020年度版，植草他，化学同人
無機化学基礎L,教科書,理工系学生のための基礎化学　無機化学　2020年度版，植草他，化学同人
有機化学基礎N,教科書,理工系学生のための基礎化学　有機化学 2020年度版，鈴木他，化学同人
有機化学基礎O,教科書,理工系学生のための基礎化学　有機化学 2020年度版，鈴木他，化学同人
生命科学基礎第一２H,教科書,スター「生物学」（東京化学同人）
健康科学概論B5,教科書,特になし
東工大立志プロジェクト15,教科書,東工大立志プロジェクトガイドブック
東工大立志プロジェクト20,教科書,東工大立志プロジェクトガイドブック
東工大立志プロジェクト22,教科書,東工大立志プロジェクトガイドブック
東工大立志プロジェクト30,教科書,東工大立志プロジェクトガイドブック
東工大立志プロジェクト32,教科書,東工大立志プロジェクトガイドブック
教養特論：身体教養科学,教科書,指定なし．
英語第一4,教科書,笹島茂ほか　_CLIL Basic Science &amp; Math_
英語第一4,教科書,東京：三修社、2018年。
英語第一10,教科書,『On Board for More World Adventures』 by Scott Berlin ad nMigumi Kobayashi. 金星堂
英語第一13,教科書,"Contemporary Topics 1, Intermediate: 21st Century Skills for Academic Success, 4th Edition, Pearson Education (2017) ISBN-10: 013440064X"
英語第一13,教科書,ISBN-13: 9780134400648
英語第一23,教科書,"Level ２, Pathways: Listening, Speaking and Critical Thinking, 2nd edition, Paul Macintyre, Student Book with Online Workbook Access Code (National Geographic Learning) (ISBN-13: 978-1337562522)"
英語第一25,教科書,指定なし
英語第一33,教科書,Terry Phillips、人見憲司、湯舟英一 著 『テクニカル イングリッシュ入門』Integrated Technical English（成美堂）
英語第一35,教科書,AFPで知る科学の世界（成美堂）
英語第一38,教科書,Contemporary Issues (4th edition) Pearson Longman
英語第二1,教科書,"Issues For Today 3, (Cengage)"
英語第二21,教科書,"Issues For Today 3, (Cengage)"
英語第三再1,教科書,OCW-iで資料を配布する。
英語第五6-LS,教科書,"Broadcast ABC World News Tonight, Kinseido"
英語第五15-LS,教科書,"Consider the Issues (4th edition), Pearson."
英語第五22-RW,教科書,プリント教材
英語第五23-RW,教科書,"Active English for Science（『英語で科学する--レポート、論文、プレゼンテーション』）, 東京大学教養学部ALESSプログラム、東京大学出版会, 2012."
英語第五25-LS-ADV,教科書,"Consider the Issues (4th edition), Pearson."
英語第五30-LS,教科書,British News Update 2  映像で学ぶ イギリス公共放送の最新ニュース2
英語第五30-LS,教科書,Timothy Knowles / 田村真弓 / 田中みんね / 中村美帆子 編著
英語第五30-LS,教科書,"金星堂 ￥2,600 (税込 ￥2,860)"
英語第五30-LS,教科書,ISBN: 978-4-7647-4097-6
英語第六4-LS,教科書,"Coffeeshop Discussions: the foundation of ""good"" discussions. Alan Bassaer. Nan'undo."
英語第六23-RW,教科書,"Active English for Science（『英語で科学する--レポート、論文、プレゼンテーション』）, 東京大学教養学部ALESSプログラム、東京大学出版会, 2012."
アカデミックプレゼンテーション第九,教科書,Handouts
ドイツ語初級２D11,教科書,担当教員が指定するもの
フランス語初級１F01,教科書,『場面で学ぶフランス語１[三訂版]』（三修社）
ドイツ語中級２,教科書,テキストは授業内で随時配布します。
ロシア語中級１,教科書,プリント等を準備する。
フランス語セミナー（入門・基礎）１,教科書,"Texto 1, Hachette"
教育実習基礎Ａ,教科書,必要に応じて指定する
教育実習第二Ａ,教科書,なし
初級日本語22QA,教科書,山崎 佳子、 土井 みつる　Basic Japanese for Students はかせ〈2〉　スリーエーネットワーク　ISBN-13: 978-4883194063
初級日本語42QB,教科書,"『大地(だいち)　2』   (スリーエーネットワーク)     ISBN-13: 978-4883195077               \2,800　+ tax『大地(だいち)　2 文型(ぶんけい)説明(せつめい)と翻訳(ほんやく)』(」)(英語版(えいごばん)ISBN-13: 978-4883195213 / 中国語版(ちゅうごくごばん) ISBN-13: 978-4883195305/ 韓国語版(かんこくごばん) ISBN-13: 978-4883195312)       \2,100　+ tax"
中級日本語11QC,教科書,中級へ行こう (スリーエーネットワーク）
アカデミックライティング第十四1,教科書,"Glasman-Deal, Hilary. 2010. Science Research Writing: For Non-Native Speakers of English. London: Imperial College Press. (ISBN-13: 978-1-84816-31-2)"
日本語研修コースB２(集中コース)2QA,教科書,中級へ行こう(スリーエーネットワーク)
情報リテラシ第二6b(IL2),教科書,なし
グローバル理工人研修入門１Ｃa,教科書,N/A
社会科学系ゼミ（法学ゼミ）５,教科書,学期毎に参加者と相談して決定する
日本語演習62QA,教科書,テキストはこちらで用意して配布しますので、購入の必要はありません。
英語第一40,教科書,On Board for More World Adventures
英語第一40,教科書,(続・DVDで学ぶ世界の文化と英語)　（金星堂）
リカレント教育発展研修3A,教科書,特になし
国際研究研修２C,教科書,特になし
国際研究研修３C,教科書,特になし
英語第二申告専用,教科書,-
グローバル理工人研修入門１Ａc,教科書,N/A
TOEFL対策セミナー（リスニング＆スピーキング）第二2,教科書,Handouts
グローバル理工人研修入門１Ａp,教科書,N/A
グローバル理工人研修入門１Ａr,教科書,N/A
TOEFL対策セミナー（リスニング＆スピーキング）第二3,教科書,Get Ready for the TOEFL IBT: Listening and Reading
中国語初級２C08,教科書,『4ステップ大学生初級中国語』　陳焔・戦暁梅・劉岸偉著　白帝社　2020年3月
フランス語初級１F02,教科書,『場面で学ぶフランス語１[三訂版]』（三修社）
フランス語初級２F04,教科書,『場面で学ぶフランス語１[三訂版]』（三修社）
ドイツ語初級１D32,教科書,担当教員が指定するもの
ドイツ語初級１D33,教科書,担当教員が指定するもの
ドイツ語初級１D42,教科書,担当教員が指定するもの
ドイツ語初級１D44,教科書,担当教員が指定するもの
ドイツ語初級１D45,教科書,担当教員が指定するもの
ドイツ語初級２D12,教科書,担当教員が指定するもの
ドイツ語初級２D31,教科書,担当教員が指定するもの
ドイツ語初級２D32,教科書,担当教員が指定するもの
ロシア語初級１R02,教科書,桑野隆『初級ロシア語２０課』、白水社、２０１６年（２０１２年）。事前に入手し、最初の授業に持参すること。
ロシア語初級１R04,教科書,桑野隆『初級ロシア語２０課』、白水社、２０１６年（２０１２年）。事前に入手し、最初の授業に持参すること。
古典ギリシア語２,教科書,田中美知太郎・松平千秋、『ギリシア文法』　改訂版、岩波書店、２０１２
リーダーシップ道場9,教科書,授業時に新書を指定する予定です．
リーダーシップ道場10,教科書,授業時に新書を指定する予定です．
教養特論：オンライン学習コース制作実習,教科書,なし
初級日本語31QD,教科書,"『大地(だいち)　2』   (スリーエーネットワーク)     ISBN-13: 978-4883195077          \2,800　+ tax『大地(だいち)　2 文型(ぶんけい)説明(せつめい)と翻訳(ほんやく)』(」)(英語版(えいごばん)ISBN-13: 978-4883195213 / 中国語版(ちゅうごくごばん) / 韓国語版(かんこくごばん))       \2,100　+ tax"
中級日本語51QC,教科書,『日本語学習者のための読解厳選テーマ10［中級］』（凡人社）
グローバル理工人研修入門１A’a,教科書,N/A
第二外国語海外研修IIA1,教科書,なし
TOEFL対策セミナー（リーディング＆ライティング）第二3,教科書,"Lucas, 川端,　鈴木. 『TOEFL iBTテスト英語4技能完全対策演習』（松柏社, 2017）"
TOEFL対策セミナー（リーディング＆ライティング）第二3,教科書,"妻鳥, Stafford, 松井, 水本.『TOEFL TEST英単語スピードマスター(CD2枚付)』(Jリサーチ出版, 2006)"
中国語初級１C16,教科書,『4ステップ大学生初級中国語』　陳焔・戦暁梅・劉岸偉著　白帝社　2020年3月
社会科学系ゼミ（心理学）５,教科書,なし
融合系ゼミ（社会科学への量的アプローチ入門）３,教科書,ゼミで指示する．
修士研究インターンシップB,教科書,特に無し
スペイン語中級１,教科書,テジョ・マロト (1982) 『スペイン語12課』 白水社. 
スペイン語中級１,教科書,二宮哲 (2014) 『スペイン語文法の要点』 朝日出版社.
スペイン語上級１,教科書,適宜配布する（授業計画を参照）
グローバル理工人研修入門１Ａa,教科書,N/A
グローバル理工人研修入門３Ａ,教科書,マニュアル等を配布
グローバル理工人研修１Ａa,教科書,N/A
力学基礎２M,教科書,培風館「基礎物理学 力学」秋光純・秋光正子 ・松川宏・越野和樹
無機化学基礎I,教科書,理工系学生のための基礎化学　無機化学　2020年度版，植草他，化学同人
有機化学基礎H,教科書,理工系学生のための基礎化学　有機化学 2020年度版，鈴木他，化学同人
東工大立志プロジェクト10,教科書,東工大立志プロジェクトガイドブック
東工大立志プロジェクト14,教科書,東工大立志プロジェクトガイドブック
東工大立志プロジェクト25,教科書,東工大立志プロジェクトガイドブック
東工大立志プロジェクト33,教科書,東工大立志プロジェクトガイドブック
東工大立志プロジェクト39,教科書,東工大立志プロジェクトガイドブック
英語第一2,教科書,Handouts
英語第一9,教科書,"安浪誠祐/Richard S. Levin, 未来科学への誘い（成美堂）"
英語第一9,教科書,ISBN: 978-4-7919-7205-0
英語第一12,教科書,グローバル社会の潮流：ジム・カヌーセン：南雲堂
英語第一22,教科書,Handouts
英語第二4,教科書,笹島茂ほか　_CLIL Basic Science &amp; Math_
英語第二4,教科書,東京：三修社、2018年。
英語第二8,教科書,"CNN 10 Student News Vol. 8, Asahi Press"
英語第二10,教科書,『On Board for More World Adventures』by Scott Berlin and Megumi Kobayashi. 金星堂
英語第二11,教科書,Online materials
英語第二20,教科書,"Phillips, Terry, Kenji Hitomi, and Eiichi Yubune, Integrated Technical English 『テクニカルイングリッシュ入門』 (成美堂)"
英語第二20,教科書,ISBN 978-4-7919-0075-6
英語第二27,教科書,"PRISM orange, visual and audio materials provided by the instructor"
英語第二31,教科書,続・DVDで学ぶ世界の文化と英語
英語第二31,教科書,Scott Berlin / 小林めぐみ 著
英語第二31,教科書,"金星堂￥2,300 ( 税込 ￥2,530 )"
英語第二31,教科書,ISBN: 978-4-7647-3991-8
英語第二37,教科書,Handouts
英語第二37,教科書,*コロナウイルス感染拡大による影響のため、教科書使用を中止いたしました。間違えないようにお気をつけください。
英語第二38,教科書,Contemporary Issues (4th edition) Pearson Longman
英語第五3-LS,教科書,None. Relevant materials to be handed out in class.
英語第五8-RW,教科書,"永田博人/Bill Banfield, 最新科学の知見（成美堂）"
英語第五8-RW,教科書,ISBN: 978-4-7919-4783-6
英語第五21-RW,教科書,靜哲人『構造から学ぶパラグラフライティング入門［改訂版］』東京：松柏社、2019年。
英語第五21-RW,教科書,ISBN: 978-4-88198-751-3
英語第五24-RW,教科書,Exploring the Globe through the Times and the Guardian (Tsurumi Shoten)
英語第五27-LS,教科書,None. Relevant materials to be handed out in class.
英語第五29-LS,教科書,"『スティーブ・ジョブズ 伝説のスピーチ＆プレゼン』朝日出版, ISBN: 978-4-255-00679-6"
英語第五33-LS,教科書,ハンドアウト
英語第五37-RW,教科書,How to Rephrase / Nan'un Do
英語第五37-RW,教科書,Science and Technological Vocabulary / Nan'un Do
英語第五38-RW,教科書,アメリカ再発見：土屋武久：金星堂
英語第五39-RW,教科書,薬袋善郎編著『名文で養う英語精読力』（研究社、2009年）
英語第五40-RW,教科書,Exploring the Globe through The Times and The Guardian (Tsurumi Shoten)
英語第五41-RW,教科書,"The Bridges of English Language Across the World: International &amp; Multicultural Perspectives, Book 1 （『世界の多様な英語１』）, 竹下裕子、山岡清二、Patricial Sippel、鈴木卓編著、松柏社。"
英語第五43-LS,教科書,"Consider the Issues (4th edition), Pearson."
英語第五46-RW,教科書,How to Rephrase / Nan'un Do
英語第五46-RW,教科書,Science and Technological Vocabulary / Nan'un Do
英語第六6-LS,教科書,"Broadcast ABC World News Tonight, Kinseido"
英語第六21-RW,教科書,靜哲人『構造から学ぶパラグラフライティング入門［改訂版］』東京：松柏社、2019年。
英語第六21-RW,教科書,ISBN: 978-4-88198-751-3
英語第六32-LS,教科書,Handouts
英語第六32-LS,教科書,*コロナウイルス感染拡大による影響のため、教科書使用を中止いたしました。間違えないようにお気をつけください。
英語第七再1,教科書,OCW-iで資料を配布する。
英語第八再1,教科書,OCW-iで資料を配布する。
TOEFL対策セミナー（リーディング＆ライティング）第二1,教科書,TOEFL iBT テスト形式で磨くアカデミック英語（朝日出版社）
英語プレゼンテーション演習第六,教科書,Handouts
TOEFL対策セミナー（リスニング＆スピーキング）第六,教科書,"Edmunds, Paul, Nancie McKinnon, and Jeff Zeter. 2009. Developing Skills for the TOEFL iBT, Intermediate, Listening. Second edition. Compass Publishing. (ISBN: 978-59966-353-1)"
英語スピーキング演習第九,教科書,Handouts
ロシア語初級１R01,教科書,桑野隆『初級ロシア語２０課』、白水社、２０１６年（２０１２年）。事前に入手し、最初の授業に持参すること。
イタリア語１,教科書,『Italiano più attivo: nuova edizione』白水社、2020年
ドイツ語中級１,教科書,テキストは授業内で随時配布します。
ロシア語中級２,教科書,プリント等を準備する
中国語中級２,教科書,『大学生のための中級中国語20回』（白帝社）
ドイツ語上級２,教科書,授業中に指示する。
フランス語上級２,教科書,『時事フランス語2020年度版』（朝日出版社）
ロシア語上級１,教科書,テキストは教員が準備する。
中国語上級１,教科書,指定なし
中国語上級２,教科書,指定なし
ドイツ語セミナー（入門・基礎）２,教科書,テキストは授業内で随時配布します。（プリント教材）
ドイツ語セミナー（応用・留学）１,教科書,テキストは授業内で随時配布します。（プリント教材）
フランス語セミナー（入門・基礎）２,教科書,"Texto 1, Hachette"
フランス語セミナー（応用・留学）１,教科書,"Texto 2 or 3, Hachette (履修者のレベルに応じて選ぶ）."
ロシア語セミナー（応用・留学）２,教科書,特になし
工業科教育法Ⅱ,教科書,高等学校学習指導要領
工業科教育法Ⅱ,教科書,授業ごとにプリントを配布する。
教育実習第二Ｃ,教科書,なし
教育実習第四Ａ,教科書,なし
初級日本語22QC,教科書,山崎 佳子、 土井 みつる　Basic Japanese for Students はかせ〈2〉　スリーエーネットワーク　ISBN-13: 978-4883194063
初級日本語42QA,教科書,"『大地(だいち)　2』   (スリーエーネットワーク)     ISBN-13: 978-4883195077               \2,800　+ tax『大地(だいち)　2 文型(ぶんけい)説明(せつめい)と翻訳(ほんやく)』(」)(英語版(えいごばん)ISBN-13: 978-4883195213 / 中国語版(ちゅうごくごばん) ISBN-13: 978-4883195305/ 韓国語版(かんこくごばん) ISBN-13: 978-4883195312)       \2,100　+ tax"
中級日本語22QC,教科書,中級へ行こう（スリーエーネットワーク）
中級日本語42QC,教科書,中級を学ぼう 日本語の文型と表現５６ 中級前期　第２版(スリーエーネットワーク）
中級日本語42QC,教科書,ISBN： 9784883197880
教育・認知科学分野における学術論文作成技術論,教科書,Uses in-class handouts　講義中にハンドアウトを配布する
フランス語文化演習２,教科書,『時事フランス語2020年度版』（朝日出版社）
ロシア語文化演習１,教科書,テキストは教員が準備する。
ロシア語文化演習２,教科書,テキストは教員が準備する。
日本語研修コースB１(集中コース)1QA,教科書,"大地 2, メインテキスト、スリーエーネットワーク"
日本語研修コースB１(集中コース)1QA,教科書,"大地 2, 文献説明と翻訳、スリーエーネットワーク"
英語スピーキング演習第十四1,教科書,"Paul Dummett, Helen Stephenson, and Lewis Lansford, Keynote Proficient (National Geographic Learning, 2017)"
英語スピーチ演習第十四1,教科書,"Mark Powell, Dynamic Presentations (Cambridge University Press, 2011)"
言語文化演習第十四,教科書,プリント教材を配布
これからの経営管理とプロフェッショナル育成（工学）,教科書,教科書は使用せず、授業中にスライド等の映像資料を使って講義を行う
情報リテラシ第二1b(IL2),教科書,なし
情報リテラシ第二3c(IL2),教科書,なし
情報リテラシ第二5b(IL2),教科書,なし
情報リテラシ第二5c(IL2),教科書,なし
情報リテラシ第二6a(IL2),教科書,なし
ALP研修II（海外研修）B,教科書,無し。
PLP発展研修,教科書,特になし
グローバル理工人研修入門２Ｃa,教科書,N/A
グローバル理工人研修３Ｃ,教科書,N/A
社会科学系ゼミ（政策とメディアの社会学）１,教科書,適宜指示する。
日本語演習82QA,教科書,なし
日本語演習22QA,教科書,特に指定しない。
国際研究研修１C,教科書,特になし
国際研究研修１Ａ,教科書,なし
国際研究研修２Ａ,教科書,特になし
グローバル理工人研修１Ａm,教科書,N/A
グローバル理工人研修入門１Ａb,教科書,N/A
グローバル理工人研修入門１Ａm,教科書,N/A
グローバル理工人研修１Ａr,教科書,N/A
グローバル理工人研修２Ｃb,教科書,N/A
グローバル理工人研修入門１Ａu,教科書,N/A
英語第四再3,教科書,『ニュースメディアの英語2020』（朝日出版社）
英語スピーキング演習第二2,教科書,"Impact Issues 2 (3rd edition).  R.R. Day, J. Shales, J. Yamanaka (Pearson Education)"
英語スピーキング演習第六2,教科書,Handouts
中国語初級１C03,教科書,『4ステップ大学生初級中国語』　陳焔・戦暁梅・劉岸偉著　白帝社　2020年3月
中国語初級１C07,教科書,『4ステップ大学生初級中国語』　陳焔・戦暁梅・劉岸偉著　白帝社　2020年3月
中国語初級１C11,教科書,『4ステップ大学生初級中国語』　陳焔・戦暁梅・劉岸偉著　白帝社　2020年3月
中国語初級２C02,教科書,『4ステップ大学生初級中国語』　陳焔・戦暁梅・劉岸偉著　白帝社　2020年3月
中国語初級２C06,教科書,『4ステップ大学生初級中国語』　陳焔・戦暁梅・劉岸偉著　白帝社　2020年3月
中国語初級２C09,教科書,『4ステップ大学生初級中国語』　陳焔・戦暁梅・劉岸偉著　白帝社　2020年3月
中国語初級２C12,教科書,『4ステップ大学生初級中国語』　陳焔・戦暁梅・劉岸偉著　白帝社　2020年3月
中国語初級２C13,教科書,『4ステップ大学生初級中国語』　陳焔・戦暁梅・劉岸偉著　白帝社　2020年3月
フランス語初級１F06,教科書,『場面で学ぶフランス語１[三訂版]』（三修社）
フランス語初級２F03,教科書,『場面で学ぶフランス語１[三訂版]』（三修社）
フランス語初級２F06,教科書,『場面で学ぶフランス語１[三訂版]』（三修社）
ドイツ語初級１D12,教科書,担当教員が指定するもの
ドイツ語初級２D21,教科書,担当教員が指定するもの
ドイツ語初級２D42,教科書,担当教員が指定するもの
ロシア語初級１R06,教科書,桑野隆『初級ロシア語２０課』、白水社、２０１６年（２０１２年）。事前に入手し、最初の授業に持参すること。
ロシア語初級２R05,教科書,桑野隆『初級ロシア語２０課』、白水社、２０１６年（２０１２年）。
ロシア語初級２R06,教科書,桑野隆『初級ロシア語２０課』、白水社、２０１６年（２０１２年）。
情報リテラシ第二EN(IL2),教科書,なし
サバイバルジャパニーズ301A,教科書,"Ogata Yukiko, Sumitani Kana, Hidari Yasuko and Watanabe Yukiko ""NIHONGO FUN &amp; EASY Survival Japanese Conversation for Begginers"" ASK, ISBN-13: 978-4872177213, ￥1900+tax"
日本語第一GSEP,教科書,特に指定しない。
日本語第五GSEP,教科書,特に指定しない。
中級日本語62QB,教科書,『日本語学習者のための読解厳選テーマ10［中級］』（凡人社）
グローバル理工人研修入門4Ａ,教科書,N/A
グローバル理工人研修入門4C,教科書,N/A
初級日本語42QF,教科書,"『大地(だいち)　2』   (スリーエーネットワーク)     ISBN-13: 978-4883195077               \2,800　+ tax『大地(だいち)　2 文型(ぶんけい)説明(せつめい)と翻訳(ほんやく)』(」)(英語版(えいごばん)ISBN-13: 978-4883195213 / 中国語版(ちゅうごくごばん) ISBN-13: 978-4883195305/ 韓国語版(かんこくごばん) ISBN-13: 978-4883195312)       \2,100　+ tax"
日本語漢字中級31QA,教科書,オリジナル教材
中級日本語62QC,教科書,『日本語学習者のための読解厳選テーマ10［中級］』（凡人社）
古典ギリシア語６,教科書,田中美知太郎・松平千秋、『ギリシア文法』　改訂版、岩波書店、２０１２
中国語初級１C14,教科書,『4ステップ大学生初級中国語』　陳焔・戦暁梅・劉岸偉著　白帝社　2020年3月
日本語第九GSEP,教科書,中級を学ぼう(スリーエーネットワーク）
英語海外研修IIA1,教科書,なし
第二外国語海外研修IIB1,教科書,なし
英語第三申告専用,教科書,-
PLP研修4A,教科書,特になし
英語第九1再履修16B17B学生用,教科書,Power-up Trainer for the TOEFL ITP (Cengage Learning)
英語第九2再履修16B17B学生用,教科書,Power-up Trainer for the TOEFL ITP (Cengage Learning)
英語第九3再履修16B17B学生用,教科書,Power-up Trainer for the TOEFL ITP (Cengage Learning)
融合系ゼミ（社会科学への量的アプローチ入門）５,教科書,ゼミで指示する．
英語第七再4,教科書,『15章版：ニュースメディアの英語2020』（朝日出版社）
社会科学系ゼミ（政治と社会）３,教科書,塚田穂高編『徹底検証 日本の右傾化』（筑摩選書、2017年）
社会科学系ゼミ（政治と社会）５,教科書,塚田穂高編『徹底検証 日本の右傾化』（筑摩選書、2017年）
スペイン語初級１S05,教科書,テジョ・マロト (1982) 『スペイン語12課』 白水社. 
スペイン語初級１S05,教科書,二宮哲 (2014) 『スペイン語文法の要点』 朝日出版社.
スペイン語初級２S01,教科書,テジョ・マロト (1982) 『スペイン語12課』 白水社. 
スペイン語初級２S01,教科書,二宮哲 (2014) 『スペイン語文法の要点』 朝日出版社.
スペイン語初級２S05,教科書,テジョ・マロト (1982) 『スペイン語12課』 白水社. 
スペイン語初級２S05,教科書,二宮哲 (2014) 『スペイン語文法の要点』 朝日出版社.
中級日本語71QB,教科書,『日本語学習者のための読解厳選テーマ10［中上級］』（凡人社）
英語第三再5,教科書,『15章版：ニュースメディアの英語2020』（朝日出版社）
教養特論：日本伝統芸能と音楽（能と狂言）,教科書,Handouts and reading materials will be provided in class and/or uploaded into OCW-i.
グローバル理工人研修２Ａ,教科書,N/A
力学基礎２G,教科書,力学　戸田盛和　岩波書店
力学基礎２A,教科書,「力学」福島雄児・杉山忠男著　（講談社）基礎物理学シリーズ
無機化学基礎K,教科書,理工系学生のための基礎化学　無機化学　2020年度版，植草他，化学同人
無機化学基礎N,教科書,理工系学生のための基礎化学　無機化学　2020年度版，植草他，化学同人
有機化学基礎A,教科書,理工系学生のための基礎化学　有機化学 2020年度版，鈴木他，化学同人
有機化学基礎C,教科書,理工系学生のための基礎化学　有機化学 2020年度版，鈴木他，化学同人
有機化学基礎G,教科書,理工系学生のための基礎化学　有機化学 2020年度版，鈴木他，化学同人
東工大立志プロジェクト38,教科書,東工大立志プロジェクトガイドブック
英語第一17,教科書,"Inside Science, 金星堂。"
英語第一18,教科書,賛否両論の社会問題を考える２ (センゲージラーニング) (ISBN 978-4-86312-333-5)
英語第一19,教科書,AFPで知る科学の世界（成美堂）
英語第一24,教科書,CBS NewsBreak 4、『CBSニュースブレイク 4』、成美堂、ISBN: 9784791971862
英語第一27,教科書,"PRISM orange, visual and audio materials prepared by instructor"
英語第一29,教科書,English for Science and Technology Students; Developing Skills for Scientific Communication
英語第一29,教科書,4技能を伸ばす理工系学生のための基礎英語（朝日出版社）
英語第一34,教科書,"Inside Science, 金星堂。"
英語第二2,教科書,Handouts
英語第二3,教科書,"Level ２, Pathways: Listening, Speaking and Critical Thinking, 2nd edition, Paul Macintyre, Student Book with Online Workbook Access Code (National Geographic Learning) (ISBN-13: 978-1337562522)"
英語第二5,教科書,プリント教材
英語第二6,教科書,On Board for More World Adventures (Kinseido) 
英語第二6,教科書,(続・DVDで学ぶ世界の文化と英語) (金星堂)
英語第二7,教科書,English for Science and Technology Students; Developing Skills for Scientific Communication
英語第二7,教科書,4技能を伸ばす理工系学生のための基礎英語（朝日出版社）
英語第二9,教科書,"安浪誠祐/Richard S. Levin, 未来科学への誘い（成美堂）"
英語第二9,教科書,ISBN: 978-4-7919-7205-0
英語第二15,教科書,Yuto Koizumi. 2019. Listening Lessons through 15 Inspirational Movies. Tokyo: TSURUMI SHOTEN. (ISBN: 978-4-7553-0389-0)
英語第二18,教科書,賛否両論の社会問題を考える２ (センゲージラーニング) (ISBN 978-4-86312-333-5)
英語第二22,教科書,Handouts
英語第二23,教科書,"Level ２, Pathways: Listening, Speaking and Critical Thinking, 2nd edition, Paul Macintyre, Student Book with Online Workbook Access Code (National Geographic Learning) (ISBN-13: 978-1337562522)"
英語第二24,教科書,CBS NewsBreak 4、『CBSニュースブレイク 4』、成美堂、ISBN: 9784791971862
英語第二25,教科書,指定なし
英語第二30,教科書,毎回プリントを配布する。
英語第二30,教科書,授業には、毎回辞書を持参すること。
英語第二32,教科書,グローバル社会の潮流：ジム・カヌーセン：南雲堂
英語第二33,教科書,Terry Phillips、人見憲司、湯舟英一 著 『テクニカル イングリッシュ入門』Integrated Technical English（成美堂）
英語第二34,教科書,"Inside Science, 金星堂。"
英語第二35,教科書,AFPで知る科学の世界（成美堂）
英語第二39,教科書,"Mills, Robin L., and Laurie L Frazier. 2014. NorthStar: Listening &amp; Speaking, Level 2. Fourth Edition. White Plains, New York: Pearson Education. (ISBN: 978-0134049793)"
英語第四再2,教科書,ソーシャル・アウトルック：メディア英語で社会を視る（三修社）(ISBN 978-4-384-33493-7)
英語第五1-LS-ADV,教科書,"Consider the Issues (4th edition), Pearson."
英語第五2-LS-ADV,教科書,Handouts
英語第五5-LS,教科書,"Our Unique Planet, Ian Bowring et al., Seibido, ISBN 978-4791946235."
英語第五9-RW,教科書,A Taste of English:  Food and Fiction
英語第五9-RW,教科書,フィクションに見る食文化（朝日出版社）
英語第五11-RW,教科書,靜哲人『構造から学ぶパラグラフライティング入門［改訂版］』東京：松柏社、2019年。
英語第五11-RW,教科書,ISBN: 978-4-88198-751-3
英語第五16-LS,教科書,Handouts
英語第五17-LS-ADV,教科書,None. Relevant materials to be handed out in class.
英語第五18-LS,教科書,"Our Unique Planet, Ian Bowring et al., Seibido, ISBN 978-4791946235."
英語第五20-RW,教科書,アメリカ再発見：土屋武久：金星堂
英語第五26-LS-ADV,教科書,Handouts
英語第五36-RW,教科書,A Taste of English:  Food and Fiction
英語第五36-RW,教科書,フィクションに見る食文化（朝日出版社）
英語第五42-RW,教科書,"Active English for Science（『英語で科学する--レポート、論文、プレゼンテーション』）, 東京大学教養学部ALESSプログラム、東京大学出版会, 2012."
英語第五45-RW,教科書,Inbound/Outbound Japan
英語第五45-RW,教科書,Michael Pronko 著、金星堂
英語第六3-LS,教科書,None. Relevant materials to be handed out in class.
英語第六8-RW,教科書,"永田博人/Bill Banfield, 最新科学の知見（成美堂）"
英語第六8-RW,教科書,ISBN: 978-4-7919-4783-6
英語第六11-RW,教科書,靜哲人『構造から学ぶパラグラフライティング入門［改訂版］』東京：松柏社、2019年。
英語第六11-RW,教科書,ISBN: 978-4-88198-751-3
英語第六12-RW,教科書,プリント教材
英語第六13-RW,教科書,アメリカ再発見：土屋武久：金星堂
英語第六14-RW,教科書,"Nancy A. Pachana, Ageing: A Very Short Introduction. Oxford UP, 2016."
英語第六17-LS-ADV,教科書,None. Relevant materials to be handed out in class.
英語第六20-RW,教科書,アメリカ再発見：土屋武久：金星堂
英語第六22-RW,教科書,プリント教材
英語第六29-LS,教科書,"『スティーブ・ジョブズ 伝説のスピーチ＆プレゼン』朝日出版, ISBN: 978-4-255-00679-6"
英語第六31-LS,教科書,Timothy Knowles　『British News Update 2』 金星堂、2020、ISBN 978-4-7647-4097-6
英語第六31-LS,教科書,授業には、毎回辞書を持参すること。
英語第六34-RW,教科書,Inbound/Outbound Japan
英語第六34-RW,教科書,Michael Pronko 著、金星堂
英語第六36-RW,教科書,A Taste of English:  Food and Fiction
英語第六36-RW,教科書,フィクションに見る食文化（朝日出版社）
英語第六40-RW,教科書,Exploring the Globe through the Times and the Guardian (Tsurumi Shoten)
英語第六42-RW,教科書,"Active English for Science（『英語で科学する--レポート、論文、プレゼンテーション』）, 東京大学教養学部ALESSプログラム、東京大学出版会, 2012."
英語第八再2,教科書,ソーシャル・アウトルック：メディア英語で社会を視る（三修社）(ISBN 978-4-384-33493-7)
英語スピーキング演習第六1,教科書,Handouts
アカデミックプレゼンテーション第十,教科書,Handouts
TOEFL対策セミナー（リスニング＆スピーキング）第九,教科書,None. Materials to be provided.
英語スピーチ演習第十,教科書,"Mark Powell, Dynamic Presentations (Cambridge University Press, 2011)"
フランス語初級２F01,教科書,『場面で学ぶフランス語１[三訂版]』（三修社）
中国語初級２C01,教科書,『4ステップ大学生初級中国語』　陳焔・戦暁梅・劉岸偉著　白帝社　2020年3月
フランス語中級１,教科書,場面で学ぶフランス語２［改訂版］（三修社）
ドイツ語上級１,教科書,授業中に指示する。
ロシア語上級２,教科書,テキストは教員が準備する。
ドイツ語セミナー（応用・留学）２,教科書,テキストは授業内で随時配布します。（プリント教材）
フランス語セミナー（応用・留学）２,教科書,"Texto 2 or 3, Hachette (履修者のレベルに応じて選ぶ)."
ロシア語セミナー（入門・基礎）２,教科書,講義担当者がプリントを準備する
ロシア語セミナー（応用・留学）１,教科書,特になし
工業科教育法Ⅲ,教科書,高等学校学習指導要領
工業科教育法Ⅲ,教科書,授業ごとにプリントを配布する
初級日本語22QB,教科書,山崎 佳子、 土井 みつる　Basic Japanese for Students はかせ〈2〉　スリーエーネットワーク　ISBN-13: 978-4883194063
初級日本語22QD,教科書,山崎 佳子、 土井 みつる　Basic Japanese for Students はかせ〈2〉　スリーエーネットワーク　ISBN-13: 978-4883194063
中級日本語22QB,教科書,中級へ行こう（スリーエーネットワーク）
アカデミックプレゼンテーション第十四2,教科書,"Targeted materials will be provided to support students in their individual areas of improvement regarding all aspects of academic presentation, including presentation, intonation, diction, structure, Q&amp;A, and body language."
アカデミックプレゼンテーション第十四3,教科書,There is no required textbook in this course.
中国語文化演習２,教科書,担当教員が指定するもの。
これからの経営管理とプロフェッショナル育成（環境・社会理工学）,教科書,教科書は使用せず、授業中にスライド等の映像資料を使って講義を行う
日本語第六A,教科書,特に指定しない。
情報リテラシ第二4a(IL2),教科書,なし
情報リテラシ第二4c(IL2),教科書,なし
情報リテラシ第二5a(IL2),教科書,なし
ALP発展研修IV,教科書,特になし。
グローバル理工人研修入門３Ｃ,教科書,N/A
社会科学系ゼミ（政策とメディアの社会学）３,教科書,適宜指示する。
日本語会話中級42QA,教科書,指定しない。適宜資料を配布する。
日本語漢字基礎22QA,教科書,オリジナル教材
スペイン語２a,教科書,テジョ・マロト (1982) 『スペイン語12課』 白水社. 
スペイン語２a,教科書,二宮哲 (2014) 『スペイン語文法の要点』 朝日出版社.
英語で学ぶ日本事情Ⅱ,教科書,特に指定しない
生命科学基礎第一２K,教科書,スター「生物学」（東京化学同人）
リカレント教育発展研修3B,教科書,特になし
英語第六申告専用,教科書,-
グローバル理工人研修１Ａc,教科書,N/A
グローバル理工人研修１Ａd,教科書,N/A
グローバル理工人研修入門１Ａn,教科書,N/A
グローバル理工人研修１Ａs,教科書,N/A
グローバル理工人研修１Ａu,教科書,N/A
グローバル理工人研修入門１Ａs,教科書,N/A
グローバル理工人研修入門１Ａt,教科書,N/A
TOEFL対策セミナー（リーディング＆ライティング）第二2,教科書,Handouts
中国語初級１C04,教科書,『4ステップ大学生初級中国語』　陳焔・戦暁梅・劉岸偉著　白帝社　2020年3月
中国語初級１C10,教科書,『4ステップ大学生初級中国語』　陳焔・戦暁梅・劉岸偉著　白帝社　2020年3月
中国語初級１C12,教科書,『4ステップ大学生初級中国語』　陳焔・戦暁梅・劉岸偉著　白帝社　2020年3月
中国語初級２C03,教科書,『4ステップ大学生初級中国語』　陳焔・戦暁梅・劉岸偉著　白帝社　2020年3月
中国語初級２C04,教科書,『4ステップ大学生初級中国語』　陳焔・戦暁梅・劉岸偉著　白帝社　2020年3月
中国語初級２C10,教科書,『4ステップ大学生初級中国語』　陳焔・戦暁梅・劉岸偉著　白帝社　2020年3月
中国語初級２C11,教科書,『4ステップ大学生初級中国語』　陳焔・戦暁梅・劉岸偉著　白帝社　2020年3月
フランス語初級１F04,教科書,『場面で学ぶフランス語１[三訂版]』（三修社）
フランス語初級２F02,教科書,『場面で学ぶフランス語１[三訂版]』（三修社）
フランス語初級２F05,教科書,『場面で学ぶフランス語１[三訂版]』（三修社）
ドイツ語初級１D13,教科書,担当教員が指定するもの
ドイツ語初級１D43,教科書,担当教員が指定するもの
ドイツ語初級２D44,教科書,担当教員が指定するもの
ドイツ語初級２D45,教科書,担当教員が指定するもの
ロシア語初級２R03,教科書,桑野隆『初級ロシア語２０課』、白水社、２０１６年（２０１２年）。
古典ラテン語２,教科書,松平千秋、国原吉之助、『新ラテン文法』、東洋出版、１９９７年
日本語第二GSEP,教科書,特に指定しない。
日本語漢字中級11QA,教科書,オリジナル教材
日本文化演習2:ことばと文化2QA,教科書,特に指定しない。
グローバル理工人研修4Ａ,教科書,N/A
グローバル理工人研修4C,教科書,N/A
グローバル理工人研修アドバンスト1A,教科書,N/A
グローバル理工人研修アドバンスト2A,教科書,N/A
初級日本語42QD,教科書,"『大地(だいち)　2』   (スリーエーネットワーク)     ISBN-13: 978-4883195077               \2,800　+ tax『大地(だいち)　2 文型(ぶんけい)説明(せつめい)と翻訳(ほんやく)』(」)(英語版(えいごばん)ISBN-13: 978-4883195213 / 中国語版(ちゅうごくごばん) ISBN-13: 978-4883195305/ 韓国語版(かんこくごばん) ISBN-13: 978-4883195312)       \2,100　+ tax"
初級日本語31QF,教科書,"『大地(だいち)　2』   (スリーエーネットワーク)     ISBN-13: 978-4883195077          \2,800　+ tax『大地(だいち)　2 文型(ぶんけい)説明(せつめい)と翻訳(ほんやく)』(」)(英語版(えいごばん)ISBN-13: 978-4883195213 / 中国語版(ちゅうごくごばん) / 韓国語版(かんこくごばん))       \2,100　+ tax"
古典ラテン語６,教科書,松平千秋、国原吉之助、『新ラテン文法』、東洋出版、１９９７年
社会科学系ゼミ（日米関係と沖縄）３,教科書,適宜指示する
社会科学系ゼミ（日米関係と沖縄）５,教科書,適宜指示する
中国語初級２C14,教科書,『4ステップ大学生初級中国語』　陳焔・戦暁梅・劉岸偉著　白帝社　2020年3月
日本語第九GSEP,教科書,中級を学ぼう(スリーエーネットワーク）
英語海外研修1B1,教科書,なし
第二外国語海外研修1B1,教科書,なし
英語第四申告専用,教科書,-
英語第七申告専用,教科書,-
グローバル理工人研修１Ａf,教科書,N/A
グローバル理工人研修入門１Ａf,教科書,N/A
PLP研修1B,教科書,特になし
PLP研修2A,教科書,特になし
PLP研修2B,教科書,特になし
リカレント教育発展研修2-2A,教科書,特になし
リカレント教育発展研修2-2B,教科書,特になし
英語第九5再履修16B17B学生用,教科書,Power-up Trainer for the TOEFL ITP (Cengage Learning)
英語第九6再履修16B17B学生用,教科書,Power-up Trainer for the TOEFL ITP (Cengage Learning)
英語第九7再履修16B17B学生用,教科書,Power-up Trainer for the TOEFL ITP (Cengage Learning)
スペイン語２b,教科書,テジョ・マロト (1982) 『スペイン語12課』 白水社. 
スペイン語２b,教科書,二宮哲 (2014) 『スペイン語文法の要点』 朝日出版社.
中国語初級１C15,教科書,『4ステップ大学生初級中国語』　陳焔・戦暁梅・劉岸偉著　白帝社　2020年3月
中国語初級２C15,教科書,『4ステップ大学生初級中国語』　陳焔・戦暁梅・劉岸偉著　白帝社　2020年3月
中国語初級２C16,教科書,『4ステップ大学生初級中国語』　陳焔・戦暁梅・劉岸偉著　白帝社　2020年3月
英語第四再4,教科書,『15章版：ニュースメディアの英語2020』（朝日出版社）
英語第八再4,教科書,『15章版：ニュースメディアの英語2020』（朝日出版社）
グローバル理工人研修入門１A’s,教科書,N/A
スペイン語初級２S02,教科書,テジョ・マロト (1982) 『スペイン語12課』 白水社. 
スペイン語初級２S02,教科書,二宮哲 (2014) 『スペイン語文法の要点』 朝日出版社.
スペイン語初級２S04,教科書,テジョ・マロト (1982) 『スペイン語12課』 白水社. 
スペイン語初級２S04,教科書,二宮哲 (2014) 『スペイン語文法の要点』 朝日出版社.
スペイン語初級２S07,教科書,テジョ・マロト (1982) 『スペイン語12課』 白水社. 
スペイン語初級２S07,教科書,二宮哲 (2014) 『スペイン語文法の要点』 朝日出版社.
スペイン語初級２S11,教科書,テジョ・マロト (1982) 『スペイン語12課』 白水社. 
スペイン語初級２S11,教科書,二宮哲 (2014) 『スペイン語文法の要点』 朝日出版社.
スペイン語中級２,教科書,テジョ・マロト (1982) 『スペイン語12課』 白水社. 
スペイン語中級２,教科書,二宮哲 (2014) 『スペイン語文法の要点』 朝日出版社.
スペイン語上級２,教科書,適宜配布する（授業計画を参照）
実践型科学技術英語海外研修III,教科書,なし
スペイン語文化演習２,教科書,適宜配布する（授業計画を参照）
中級日本語71QA,教科書,『日本語学習者のための読解厳選テーマ10［中上級］』（凡人社）
中級日本語82QA,教科書,『日本語学習者のための読解厳選テーマ10［中上級］』（凡人社）
中級日本語82QB,教科書,『日本語学習者のための読解厳選テーマ10［中上級］』（凡人社）
英語第四再5,教科書,『15章版：ニュースメディアの英語2020』（朝日出版社）
TOEFL対策セミナー（リーディング＆ライティング）第二4,教科書,The textbook will not be used and handouts will be delivered.
英語第七再5,教科書,『15章版：ニュースメディアの英語2020』（朝日出版社）
グローバル理工人研修３Ａ,教科書,N/A
科学技術社会論・科学技術政策Ｃ,教科書,伊勢田哲治他『科学技術をよく考える』名古屋大学出版会
英語第二12,教科書,グローバル社会の潮流：ジム・カヌーセン：南雲堂
英語第二13,教科書,"Contemporary Topics 1, Intermediate: 21st Century Skills for Academic Success, 4th Edition, Pearson Education (2017) ISBN-10: 013440064X"
英語第二13,教科書,ISBN-13: 9780134400648
英語第二17,教科書,"Inside Science, 金星堂。"
英語第二19,教科書,AFPで知る科学の世界（成美堂）
英語第二26,教科書,映像で学ぶ 最新科学の深層
英語第二26,教科書,野﨑嘉信 / 松本和子 / Alastair Graham-Marr 編著、金星堂
英語第二28,教科書,『Science』で読む科学の世界　南雲堂　ISBN: 4-523-17698-5
英語第二29,教科書,English for Science and Technology Students; Developing Skills for Scientific Communication
英語第二29,教科書,4技能を伸ばす理工系学生のための基礎英語（朝日出版社）
英語第二40,教科書,On Board for More World Adventures (Kinseido)
英語第二40,教科書,(続・DVDで学ぶ世界の文化と英語)　（金星堂）
英語第四再1,教科書,OCW-iで資料を配布する。
英語第五7-LS,教科書,"Ellen Kisslinger (2017) Contemporary Topics 2: 21st Century Skills for Academic Success (Fourth edition), Pearson Education"
英語第五7-LS,教科書,ISBN: 978-0-13-440080-8
英語第五12-RW,教科書,プリント教材
英語第五13-RW,教科書,アメリカ再発見：土屋武久：金星堂
英語第五28-LS,教科書,Broadcast: ABC World News Tonight、『映像で学ぶ ABCワールドニュース』、金星堂、ISBN: 978-4-7647-4073-0
英語第五31-LS,教科書,Timothy Knowles　『British News Update 2』 金星堂、2020、ISBN 978-4-7647-4097-6
英語第五31-LS,教科書,授業には、毎回辞書を持参すること。
英語第五35-RW,教科書,"山科美和子、横山三鶴、沖野泰子 Reading Dynamics---Skills for Academic Success 思考力を高めるためのリーディングスキル　Cengage Learning, ISBN 978-4-86312-287-1"
英語第五44-LS-ADV,教科書,None. Relevant materials to be handed out in class.
英語第六1-LS-ADV,教科書,"Consider the Issues (4th edition), Pearson."
英語第六2-LS-ADV,教科書,Handouts
英語第六5-LS,教科書,"Our Unique Planet, Ian Bowring et al., Seibido, ISBN 978-4791946235."
英語第六7-LS,教科書,"Ellen Kisslinger (2017) Contemporary Topics 2: 21st Century Skills for Academic Success (Fourth edition), Pearson Education "
英語第六7-LS,教科書,ISBN: 978-0-13-440080-8
英語第六9-RW,教科書,A Taste of English:  Food and Fiction
英語第六9-RW,教科書,フィクションに見る食文化（朝日出版社）
英語第六10-RW,教科書,"Pathways Second Edition: Reading, Writing, and Critical Thinking, 3A, National Geographic Learning"
英語第六15-LS,教科書,"Consider the Issues (4th edition), Pearson."
英語第六16-LS,教科書,Handouts
英語第六18-LS,教科書,"Our Unique Planet, Ian Bowring et al., Seibido, ISBN 978-4791946235."
英語第六19-LS,教科書,"Ellen Kisslinger (2017) Contemporary Topics 2: 21st Century Skills for Academic Success (Fourth edition), Pearson Education "
英語第六19-LS,教科書,ISBN: 978-0-13-440080-8
英語第六24-RW,教科書,Exploring the Globe through the Times and the Guardian (Tsurumi Shoten)
英語第六25-LS-ADV,教科書,"Consider the Issues (4th edition), Pearson."
英語第六26-LS-ADV,教科書,Handouts
英語第六27-LS,教科書,None. Relevant materials to be handed out in class.
英語第六28-LS,教科書,Broadcast: ABC World News Tonight、『映像で学ぶ ABCワールドニュース』、金星堂、ISBN: 978-4-7647-4073-0
英語第六30-LS,教科書,British News Update 2  映像で学ぶ イギリス公共放送の最新ニュース2
英語第六30-LS,教科書,Timothy Knowles / 田村真弓 / 田中みんね / 中村美帆子 編著
英語第六30-LS,教科書,"金星堂 ￥2,600 ( 税込 ￥2,860 )"
英語第六30-LS,教科書,ISBN: 978-4-7647-4097-6
英語第六33-LS,教科書,ハンドアウト
英語第六35-RW,教科書,"山科美和子、横山三鶴、沖野泰子 Reading Dynamics---Skills for Academic Success 思考力を高めるためのリーディングスキル　Cengage Learning, ISBN 978-4-86312-287-1"
英語第六37-RW,教科書,How to Replace / Nan'un Do
英語第六37-RW,教科書,Science and Technology Vocabulary
英語第六38-RW,教科書,アメリカ再発見：土屋武久：金星堂
英語第六39-RW,教科書,薬袋善郎編著『名文で養う英語精読力』（研究社、2009年）
英語第六41-RW,教科書,"The Bridges of English Language Across the World: International &amp; Multicultural Perspectives, Book 1 （『世界の多様な英語１』）, 竹下裕子、山岡清二、Patricial Sippel、鈴木卓編著、松柏社。"
英語第六43-LS,教科書,"Consider the Issues (4th edition), Pearson."
英語第六44-LS-ADV,教科書,None. Relevant materials to be handed out in class.
英語第六45-RW,教科書,Inbound/Outbound Japan
英語第六45-RW,教科書,Michael Pronko 著、金星堂
英語第六46-RW,教科書,How to Rephrase / Nan'un Do
英語第六46-RW,教科書,Science and Technology Vocabulary / Nan'un Do
TOEFL対策セミナー（リーディング＆ライティング）第六,教科書,ALL-ROUND PRACTICE FOR THE TOEFL TEST TOEFL『テスト攻略のための総合演習iBt/ITP対応』（南雲堂）
英語スピーキング演習第十,教科書,Handouts
TOEFL対策セミナー（リスニング＆スピーキング）第十,教科書,None. Materials to be provided.
TOEFL対策セミナー（リーディング＆ライティング）第十,教科書,教員が用意する
ロシア語初級２R01,教科書,桑野隆『初級ロシア語２０課』、白水社、２０１６年（２０１２年）。
イタリア語２,教科書,『Italiano più attivo: nuova edizione』白水社、2020年
韓国語２a,教科書,最新チャレンジ! 韓国語（白水社）
フランス語上級１,教科書,『時事フランス語2020年度版』（朝日出版社）
ロシア語セミナー（入門・基礎）１,教科書,講義担当者がプリントを準備する
中国語セミナー（入門・基礎）２,教科書,新概念チヤイニーズ(陳焔他　白帝社)
中国語セミナー（応用・留学）２,教科書,話してみたい中国語スピーキング倶楽部(相原茂他、朝日出版社)
実践型科学技術英語海外研修II,教科書,なし
初級日本語42QC,教科書,"『大地(だいち)　2』   (スリーエーネットワーク)     ISBN-13: 978-4883195077               \2,800　+ tax『大地(だいち)　2 文型(ぶんけい)説明(せつめい)と翻訳(ほんやく)』(」)(英語版(えいごばん)ISBN-13: 978-4883195213 / 中国語版(ちゅうごくごばん) ISBN-13: 978-4883195305/ 韓国語版(かんこくごばん) ISBN-13: 978-4883195312)       \2,100　+ tax"
中級日本語42QA,教科書,中級を学ぼう 日本語の文型と表現５６ 中級前期　第２版(スリーエーネットワーク）
中級日本語42QA,教科書,ISBN： 9784883197880
中級日本語42QB,教科書,中級を学ぼう 日本語の文型と表現５６ 中級前期　第２版(スリーエーネットワーク）
中級日本語42QB,教科書,ISBN： 9784883197880
日本語第二B,教科書,特に指定しない。
日本語第二C,教科書,特に指定しない。
グローバル理工人研修２Ｃa,教科書,N/A
日本語会話初中級22QA,教科書,指定しない。適宜資料を配布する。
日本語会話中級22QA,教科書,特になし　　毎回の授業で必要な資料は配布いたします。
リカレント教育発展研修1B,教科書,特になし
英語第五申告専用,教科書,-
グローバル理工人研修１Ａb,教科書,N/A
グローバル理工人研修１Ａn,教科書,N/A
グローバル理工人研修１Ａo,教科書,N/A
グローバル理工人研修１Ａq,教科書,N/A
グローバル理工人研修１Ａt,教科書,N/A
グローバル理工人研修入門１Ａo,教科書,N/A
グローバル理工人研修入門１Ａq,教科書,N/A
グローバル理工人研修１Ａv,教科書,N/A
グローバル理工人研修２Ｃc,教科書,N/A
中級日本語51QA,教科書,『日本語学習者のための読解厳選テーマ10［中級］』（凡人社）
中級日本語62QA,教科書,『日本語学習者のための読解厳選テーマ10［中級］』（凡人社）
英語第八再3,教科書,『ニュースメディアの英語2020』（朝日出版社）
中国語初級２C07,教科書,『4ステップ大学生初級中国語』　陳焔・戦暁梅・劉岸偉著　白帝社　2020年3月
フランス語初級１F07,教科書,『場面で学ぶフランス語１[三訂版]』（三修社）
フランス語初級２F07,教科書,『場面で学ぶフランス語１[三訂版]』（三修社）
ドイツ語初級２D13,教科書,担当教員が指定するもの
ドイツ語初級２D14,教科書,担当教員が指定するもの
ドイツ語初級２D33,教科書,担当教員が指定するもの
ドイツ語初級２D41,教科書,担当教員が指定するもの
ドイツ語初級２D43,教科書,担当教員が指定するもの
ロシア語初級１R03,教科書,桑野隆『初級ロシア語２０課』、白水社、２０１６年（２０１２年）。事前に入手し、最初の授業に持参すること。
ロシア語初級２R02,教科書,桑野隆『初級ロシア語２０課』、白水社、２０１６年（２０１２年）。
ロシア語初級２R04,教科書,桑野隆『初級ロシア語２０課』、白水社、２０１６年（２０１２年）。
グローバル理工人研修１Ｃa,教科書,N/A
日本語第六GSEP,教科書,特に指定しない。
日本語漢字中級22QA,教科書,オリジナル教材
グローバル理工人研修アドバンスト3A,教科書,N/A
グローバル理工人研修アドバンスト4A,教科書,N/A
グローバル理工人研修１Ｃb,教科書,N/A
日本語漢字中級42QA,教科書,オリジナル教材
ALP発展研修V,教科書,なし。
グローバル理工人研修１A'a,教科書,N/A
英語第八申告専用,教科書,-
PLP研修4B,教科書,特になし
リカレント教育発展研修2-1B,教科書,特になし
英語第九4再履修16B17B学生用,教科書,Power-up Trainer for the TOEFL ITP (Cengage Learning)
韓国語２b,教科書,最新チャレンジ! 韓国語（白水社）
実践型科学技術英語海外研修Ⅰ,教科書,なし
スペイン語初級１S11,教科書,テジョ・マロト (1982) 『スペイン語12課』 白水社. 
スペイン語初級１S11,教科書,二宮哲 (2014) 『スペイン語文法の要点』 朝日出版社.
スペイン語初級２S03,教科書,テジョ・マロト (1982) 『スペイン語12課』 白水社. 
スペイン語初級２S03,教科書,二宮哲 (2014) 『スペイン語文法の要点』 朝日出版社.
スペイン語初級２S06,教科書,テジョ・マロト (1982) 『スペイン語12課』 白水社. 
スペイン語初級２S06,教科書,二宮哲 (2014) 『スペイン語文法の要点』 朝日出版社.
スペイン語初級２S08,教科書,テジョ・マロト (1982) 『スペイン語12課』 白水社. 
スペイン語初級２S08,教科書,二宮哲 (2014) 『スペイン語文法の要点』 朝日出版社.
スペイン語初級２S09,教科書,テジョ・マロト (1982) 『スペイン語12課』 白水社. 
スペイン語初級２S09,教科書,二宮哲 (2014) 『スペイン語文法の要点』 朝日出版社.
スペイン語初級２S10,教科書,テジョ・マロト (1982) 『スペイン語12課』 白水社. 
スペイン語初級２S10,教科書,二宮哲 (2014) 『スペイン語文法の要点』 朝日出版社.
中級日本語82QC,教科書,『日本語学習者のための読解厳選テーマ10［中上級］』（凡人社）
英語第八再5,教科書,『15章版：ニュースメディアの英語2020』（朝日出版社）
